step,wall_s,loss,lr,seed,imgs_per_s,receptive_field_px,measurement_window_px,censored_frac,n_cells_total,n_cells_labeled,frac_thing_cells,frac_excluded_cells,mean_ell_thing,mean_ell_stuff,n_diag_images,auc_ell_acf,auc_ell_freq,auc_naive_acf_energy,auc_residual_magnitude,auc_ell_acf_stuck,auc_naive_stuck,auc_ell_acf_energetic,auc_naive_energetic
50,27.429,0.20198117196559906,0.000153,0,386.4944797861434,,,,,,,,,,,,,,,,,,
100,43.825,0.1961255669593811,0.000303,0,465.6315588778991,,,,,,,,,,,,,,,,,,
150,59.578,0.18314900994300842,0.000453,0,505.3754638690465,,,,,,,,,,,,,,,,,,
200,76.056,0.18350107967853546,0.000603,0,522.6970188295974,,,,,,,,,,,,,,,,,,
250,91.953,0.17428022623062134,0.000753,0,537.1422404503928,,,,,,,,,,,,,,,,,,
300,108.826,0.17454825341701508,0.000903,0,542.1907977423147,,,,,,,,,,,,,,,,,,
350,124.734,0.16725598275661469,0.001053,0,550.1729645954302,,,,,,,,,,,,,,,,,,
400,141.794,0.1757977306842804,0.001203,0,551.7093132863636,,,,,,,,,,,,,,,,,,
450,157.803,0.1736816167831421,0.001353,0,556.6561078800269,,,,,,,,,,,,,,,,,,
500,174.875,0.17250148952007294,0.0015,0,557.2193331938707,,,,,,,,,,,,,,,,,,
550,190.829,0.16679923236370087,0.0014998974787443517,0,560.99160843162,,,,,,,,,,,,,,,,,,
600,207.68,0.16796647012233734,0.0014995899430056945,0,561.7059713624942,,,,,,,,,,,,,,,,,,
650,223.293,0.18098221719264984,0.0014990774768612286,0,565.4682508553943,,,,,,,,,,,,,,,,,,
700,239.489,0.17125672101974487,0.0014983602204140809,0,567.333083311282,,,,,,,,,,,,,,,,,,
750,256.27,0.16972707211971283,0.0014974383697550025,0,567.6467355255049,,,,,,,,,,,,,,,,,,
800,272.354,0.17069318890571594,0.0014963121769087586,0,569.3886559093228,,,,,,,,,,,,,,,,,,
850,289.025,0.17074470221996307,0.0014949819497652287,0,569.7641773037662,,,,,,,,,,,,,,,,,,
900,305.221,0.16779367625713348,0.0014934480519952313,0,570.993344863909,,,,,,,,,,,,,,,,,,
950,322.302,0.1720958948135376,0.0014917109029511013,0,570.5155146777279,,,,,,,,,,,,,,,,,,
1000,338.504,0.1646720916032791,0.0014897709775520418,0,571.5754486604136,,,,,,,,,,,,,,,,,,
1050,355.444,0.1755944937467575,0.0014876288061542867,0,571.3421595778652,,,,,,,,,,,,,,,,,,
1100,371.822,0.16587015986442566,0.0014852849744061071,0,571.9987273359799,,,,,,,,,,,,,,,,,,
1150,388.705,0.1765332967042923,0.0014827401230876995,0,571.8517089106664,,,,,,,,,,,,,,,,,,
1200,404.752,0.16272996366024017,0.0014799949479360043,0,572.9038583564497,,,,,,,,,,,,,,,,,,
1250,421.488,0.16984166204929352,0.0014770501994544978,0,572.9329581553156,,,,,,,,,,,,,,,,,,
1300,437.267,0.16324028372764587,0.0014739066827080115,0,574.2203701254635,,,,,,,,,,,,,,,,,,
1350,453.468,0.16496498882770538,0.0014705652571026361,0,574.8786603322794,,,,,,,,,,,,,,,,,,
1400,470.251,0.17143133282661438,0.0014670268361507682,0,574.7760740120443,,,,,,,,,,,,,,,,,,
1450,486.252,0.16640040278434753,0.0014632923872213654,0,575.6099831027148,,,,,,,,,,,,,,,,,,
1500,503.001,0.1709783375263214,0.0014593629312754759,0,575.5277518211735,,,,,,,,,,,,,,,,,,
1550,518.881,0.17356432974338531,0.001455239542587121,0,576.4195097493756,,,,,,,,,,,,,,,,,,
1600,535.481,0.16872410476207733,0.0014509233484495956,0,576.4789782138735,,,,,,,,,,,,,,,,,,
1650,551.488,0.17255955934524536,0.0014464155288672804,0,577.1572446253183,,,,,,,,,,,,,,,,,,
1700,568.316,0.16724680364131927,0.0014417173162330386,0,576.9588967433879,,,,,,,,,,,,,,,,,,
1750,584.087,0.16579362750053406,0.001436829994991293,0,577.8194989087739,,,,,,,,,,,,,,,,,,
1800,600.827,0.16529043018817902,0.0014317549012868719,0,577.6976883002071,,,,,,,,,,,,,,,,,,
1850,616.841,0.16899578273296356,0.0014264934225997194,0,578.2663118149162,,,,,,,,,,,,,,,,,,
1900,633.439,0.16925697028636932,0.0014210469973655725,0,578.2687729266022,,,,,,,,,,,,,,,,,,
1950,648.78,0.1701798141002655,0.001415417114582709,0,579.396765888308,,,,,,,,,,,,,,,,,,
2000,664.855,0.1681264191865921,0.0014096053134048667,0,579.8292740727627,,,,,,,,,,,,,,,,,,
2050,681.705,0.16802293062210083,0.0014036131827204579,0,579.5781887826877,,,,,,,,,,,,,,,,,,
2100,697.582,0.16965562105178833,0.0013974423607181806,0,580.1509694003571,,,,,,,,,,,,,,,,,,
2150,714.154,0.16696985065937042,0.0013910945344391542,0,580.1307872059006,,,,,,,,,,,,,,,,,,
2200,730.022,0.1712815910577774,0.0013845714393157015,0,580.6732405632108,,,,,,,,,,,,,,,,,,
2250,746.639,0.1647016555070877,0.0013778748586968964,0,580.6075651644819,,,,,,,,,,,,,,,,,,
2300,762.508,0.17133206129074097,0.001371006623361015,0,581.1159179506378,,,,,,,,,,,,,,,,,,
2350,779.331,0.17134840786457062,0.0013639686110150195,0,580.8888190707596,,,,,,,,,,,,,,,,,,
2400,795.181,0.1684086173772812,0.0013567627457812105,0,581.385001185854,,,,,,,,,,,,,,,,,,
2450,811.895,0.1657913327217102,0.0013493909976711935,0,581.2398427429424,,,,,,,,,,,,,,,,,,
2500,827.77,0.17117053270339966,0.0013418553820472954,0,581.692090004756,,,,,,,,,,,,,,,,,,
2550,844.714,0.16567657887935638,0.0013341579590715844,0,581.3874003654572,,,,,,,,,,,,,,,,,,
2600,860.222,0.1651945859193802,0.0013263008331426444,0,582.0685826662888,,,,,,,,,,,,,,,,,,
2650,876.196,0.1716688871383667,0.0013182861523202511,0,582.4140862265581,,,,,,,,,,,,,,,,,,
2700,892.737,0.1706286072731018,0.0013101161077381154,0,582.3764213801157,,,,,,,,,,,,,,,,,,
2750,908.477,0.16758625209331512,0.0013017929330048487,0,582.8548333211772,,,,,,,,,,,,,,,,,,
2800,925.246,0.16551339626312256,0.0012933189035933168,0,582.6661414399116,,,,,,,,,,,,,,,,,,
2850,941.321,0.16538473963737488,0.001284696336218548,0,582.9150788728836,,,,,,,,,,,,,,,,,,
2900,958.07,0.17015105485916138,0.0012759275882043663,0,582.7442053559778,,,,,,,,,,,,,,,,,,
2950,974.156,0.16133302450180054,0.0012670150568389244,0,582.9770073228573,,,,,,,,,,,,,,,,,,
3000,990.873,0.17515616118907928,0.001257961178719306,0,582.829464591484,,,,,,,,,,,,,,,,,,
3050,1006.928,0.15659448504447937,0.001248768429085386,0,583.0711837772908,,,,,,,,,,,,,,,,,,
3100,1023.584,0.16885000467300415,0.0012394393211431264,0,582.9618548005282,,,,,,,,,,,,,,,,,,
3150,1039.613,0.1715509593486786,0.0012299764053774875,0,583.2085034100791,,,,,,,,,,,,,,,,,,
3200,1056.402,0.16739699244499207,0.0012203822688551529,0,583.0268622470908,,,,,,,,,,,,,,,,,,
3250,1071.912,0.16622045636177063,0.001210659534517251,0,583.5477165790467,,,,,,,,,,,,,,,,,,
3300,1087.724,0.1616227775812149,0.0012008108604622688,0,583.8911686107652,,,,,,,,,,,,,,,,,,
3350,1104.334,0.17005935311317444,0.001190838939219355,0,583.8018343327084,,,,,,,,,,,,,,,,,,
3400,1120.324,0.1658286154270172,0.0011807464970122077,0,584.0393286135242,,,,,,,,,,,,,,,,,,
3450,1137.153,0.16551750898361206,0.0011705362930137546,0,583.8374276455861,,,,,,,,,,,,,,,,,,
3500,1153.105,0.16411666572093964,0.0011602111185918204,0,584.0867373743722,,,,,,,,,,,,,,,,,,
3550,1169.708,0.16888931393623352,0.0011497737965459954,0,584.0031808789327,,,,,,,,,,,,,,,,,,
3600,1185.84,0.16859713196754456,0.0011392271803359114,0,584.1542617478834,,,,,,,,,,,,,,,,,,
3650,1202.834,0.16260869801044464,0.0011285741533011329,0,583.8814663147103,,,,,,,,,,,,,,,,,,
3700,1218.895,0.15971630811691284,0.0011178176278728812,0,584.0641629949235,,,,,,,,,,,,,,,,,,
3750,1235.687,0.16763006150722504,0.0011069605447778053,0,583.8959659841678,,,,,,,,,,,,,,,,,,
3800,1251.605,0.16720524430274963,0.0010960058722340159,0,584.1406540810023,,,,,,,,,,,,,,,,,,
3850,1268.695,0.1628233939409256,0.001084956605139605,0,583.8383121429282,,,,,,,,,,,,,,,,,,
3900,1284.33,0.16394972801208496,0.0010738157642538697,0,584.2061515132059,,,,,,,,,,,,,,,,,,
3950,1300.557,0.16214579343795776,0.001062586395371468,0,584.2987883244615,,,,,,,,,,,,,,,,,,
4000,1317.338,0.17156025767326355,0.0010512715684897272,0,584.1424914372237,,,,,,,,,,,,,,,,,,
4050,1333.462,0.1643940955400467,0.001039874376969339,0,584.278995376404,,,,,,,,,,,,,,,,,,
4100,1350.256,0.16364413499832153,0.0010283979366886656,0,584.1212086677128,,,,,,,,,,,,,,,,,,
4150,1366.135,0.17439496517181396,0.0010168453851918874,0,584.3593543397749,,,,,,,,,,,,,,,,,,
4200,1382.925,0.1706968992948532,0.0010052198808312323,0,584.2063140979138,,,,,,,,,,,,,,,,,,
4250,1399.0,0.16180598735809326,0.0009935246019035127,0,584.3559752654069,,,,,,,,,,,,,,,,,,
4300,1415.616,0.17145869135856628,0.0009817627457812106,0,584.2784364716456,,,,,,,,,,,,,,,,,,
4350,1431.371,0.163831889629364,0.0009699375280383486,0,584.5546561050545,,,,,,,,,,,,,,,,,,
4400,1447.935,0.17087438702583313,0.0009580521815713835,0,584.4973155625096,,,,,,,,,,,,,,,,,,
4450,1463.806,0.16890263557434082,0.0009461099557153648,0,584.7188065369287,,,,,,,,,,,,,,,,,,
4500,1480.672,0.16967378556728363,0.0009341141153555994,0,584.5414889551505,,,,,,,,,,,,,,,,,,
4550,1496.421,0.16183538734912872,0.0009220679400350637,0,584.8053000601675,,,,,,,,,,,,,,,,,,
4600,1512.371,0.1601259410381317,0.0009099747230578102,0,584.9857952748711,,,,,,,,,,,,,,,,,,
4650,1529.029,0.17001068592071533,0.0008978377705886101,0,584.8909665004971,,,,,,,,,,,,,,,,,,
4700,1545.072,0.17017395794391632,0.0008856604007490826,0,585.0315251126249,,,,,,,,,,,,,,,,,,
4750,1562.087,0.16657200455665588,0.0008734459427105505,0,584.8043984447673,,,,,,,,,,,,,,,,,,
4800,1577.861,0.16673897206783295,0.0008611977357838815,0,585.0424461947182,,,,,,,,,,,,,,,,,,
4850,1594.605,0.1630571186542511,0.0008489191285065518,0,584.9192854340145,,,,,,,,,,,,,,,,,,
4900,1610.535,0.1654130071401596,0.0008366134777271898,0,585.0949799693402,,,,,,,,,,,,,,,,,,
4950,1627.043,0.16254591941833496,0.0008242841476878472,0,585.0588505319549,,,,,,,,,,,,,,,,,,
5000,1643.021,0.1621348112821579,0.0008119345091042494,0,585.2122206364181,,,,,,,,,,,,,,,,,,
5050,1659.614,0.16509751975536346,0.0007995679382442745,0,585.1456403782953,,,,,,,,,,,,,,,,,,
5100,1675.34,0.1637388914823532,0.0007871878160049167,0,585.3834494735743,,,,,,,,,,,,,,,,,,
5150,1692.02,0.15364034473896027,0.0007747975269879812,0,585.2862975375812,,,,,,,,,,,,,,,,,,
5200,1707.17,0.16355715692043304,0.000762400458574769,0,585.7163246551257,,,,,,,,,,,,,,,,,,
5250,1722.834,0.1659860610961914,0.00075,0,585.9636136726439,,,,,,,,,,,,,,,,,,
5300,1739.296,0.16909319162368774,0.0007375995414252312,0,585.9369526962012,,,,,,,,,,,,,,,,,,
5350,1754.956,0.16507026553153992,0.0007252024730120189,0,586.1791599395349,,,,,,,,,,,,,,,,,,
5400,1771.652,0.162145733833313,0.0007128121839950832,0,586.0734829683556,,,,,,,,,,,,,,,,,,
5450,1787.449,0.1705355942249298,0.0007004320617557255,0,586.2649555889031,,,,,,,,,,,,,,,,,,
5500,1804.067,0.17163288593292236,0.0006880654908957508,0,586.1858860602564,,,,,,,,,,,,,,,,,,
5550,1819.725,0.160264790058136,0.000675715852312153,0,586.4177426726517,,,,,,,,,,,,,,,,,,
5600,1836.322,0.166738361120224,0.0006633865222728105,0,586.345499165605,,,,,,,,,,,,,,,,,,
5650,1852.374,0.16575145721435547,0.0006510808714934483,0,586.4471811077171,,,,,,,,,,,,,,,,,,
5700,1869.02,0.17447607219219208,0.0006388022642161184,0,586.3602671173061,,,,,,,,,,,,,,,,,,
5750,1885.032,0.1738012433052063,0.0006265540572894494,0,586.4725345220495,,,,,,,,,,,,,,,,,,
5800,1901.854,0.16326159238815308,0.0006143395992509179,0,586.332551094169,,,,,,,,,,,,,,,,,,
5850,1917.101,0.1574321687221527,0.0006021622294113899,0,586.6774768575174,,,,,,,,,,,,,,,,,,
5900,1932.888,0.16844424605369568,0.00059002527694219,0,586.8526722822922,,,,,,,,,,,,,,,,,,
5950,1949.444,0.16570571064949036,0.0005779320599649364,0,586.7931913526114,,,,,,,,,,,,,,,,,,
6000,1965.317,0.16857729852199554,0.0005658858846444007,0,586.9387425498207,,,,,,,,,,,,,,,,,,
6050,1981.728,0.16527360677719116,0.0005538900442846352,0,586.9222962463671,,,,,,,,,,,,,,,,,,
6100,1997.437,0.17080619931221008,0.0005419478184286167,0,587.1128680223867,,,,,,,,,,,,,,,,,,
6150,2014.072,0.16354016959667206,0.0005300624719616515,0,587.0299408530735,,,,,,,,,,,,,,,,,,
6200,2029.928,0.16481955349445343,0.0005182372542187895,0,587.1740683451188,,,,,,,,,,,,,,,,,,
6250,2046.437,0.1591508835554123,0.0005064753980964875,0,587.1284373148044,,,,,,,,,,,,,,,,,,
6300,2062.144,0.16515135765075684,0.0004947801191687677,0,587.31185594938,,,,,,,,,,,,,,,,,,
6350,2078.701,0.16296106576919556,0.0004831546148081126,0,587.2520915156304,,,,,,,,,,,,,,,,,,
6400,2094.539,0.15884682536125183,0.0004716020633113343,0,587.394999512194,,,,,,,,,,,,,,,,,,
6450,2111.021,0.16837632656097412,0.000460125623030661,0,587.3562697603658,,,,,,,,,,,,,,,,,,
6500,2126.465,0.1573408842086792,0.00044872843151027306,0,587.6054575014899,,,,,,,,,,,,,,,,,,
6550,2142.248,0.1613505482673645,0.00043741360462853235,0,587.7576095996723,,,,,,,,,,,,,,,,,,
6600,2158.559,0.1654815524816513,0.00042618423574613043,0,587.7638446103052,,,,,,,,,,,,,,,,,,
6650,2174.304,0.16806112229824066,0.00041504339486039517,0,587.9227872681123,,,,,,,,,,,,,,,,,,
6700,2190.832,0.17048226296901703,0.0004039941277659843,0,587.8694768268899,,,,,,,,,,,,,,,,,,
6750,2206.358,0.15620927512645721,0.0003930394552221948,0,588.0839116477416,,,,,,,,,,,,,,,,,,
6800,2222.782,0.1657412350177765,0.00038218237212711917,0,588.0573478916841,,,,,,,,,,,,,,,,,,
6850,2238.633,0.1617603302001953,0.0003714258466988674,0,588.182191177969,,,,,,,,,,,,,,,,,,
6900,2255.234,0.16840893030166626,0.00036077281966408886,0,588.1091052994994,,,,,,,,,,,,,,,,,,
6950,2271.036,0.16261635720729828,0.00035022620345400487,0,588.2443165182218,,,,,,,,,,,,,,,,,,
7000,2287.663,0.16230306029319763,0.00033978888140818,0,588.1652224568388,,,,,,,,,,,,,,,,,,
7050,2303.467,0.17143918573856354,0.00032946370698624553,0,588.2975038428609,,,,,,,,,,,,,,,,,,
7100,2319.932,0.16626906394958496,0.00031925350298779234,0,588.2603325667441,,,,,,,,,,,,,,,,,,
7150,2335.243,0.1657768040895462,0.00030916106078064524,0,588.5145971608464,,,,,,,,,,,,,,,,,,
7200,2351.519,0.1674044132232666,0.0002991891395377312,0,588.5237382683039,,,,,,,,,,,,,,,,,,
7250,2368.244,0.15948212146759033,0.00028934046548274915,0,588.4210025160231,,,,,,,,,,,,,,,,,,
7300,2384.12,0.16504964232444763,0.0002796177311448472,0,588.5294609665032,,,,,,,,,,,,,,,,,,
7350,2401.0,0.17073291540145874,0.0002700235946225125,0,588.3900714906304,,,,,,,,,,,,,,,,,,
7400,2416.905,0.16594663262367249,0.0002605606788568735,0,588.4900201363341,,,,,,,,,,,,,,,,,,
7450,2433.749,0.16560059785842896,0.00025123157091461374,0,588.3616188977148,,,,,,,,,,,,,,,,,,
7500,2449.765,0.16624008119106293,0.00024203882128069436,0,588.4337445986029,,,,,,,,,,,,,,,,,,
7550,2486.771,0.17178675532341003,0.00023298494316107565,0,583.5325099541628,,,,,,,,,,,,,,,,,,
7600,2502.767,0.1625290811061859,0.00022407241179563355,0,583.6388859685147,,,,,,,,,,,,,,,,,,
7650,2519.449,0.16318026185035706,0.00021530366378145224,0,583.5846063655549,,,,,,,,,,,,,,,,,,
7700,2535.5,0.16712792217731476,0.0002066810964066833,0,583.6766169256051,,,,,,,,,,,,,,,,,,
7750,2552.347,0.16223716735839844,0.0001982070669951513,0,583.5852645315676,,,,,,,,,,,,,,,,,,
7800,2568.117,0.16554270684719086,0.00018988389226188483,0,583.7398094786888,,,,,,,,,,,,,,,,,,
7850,2584.173,0.1670461744070053,0.0001817138476797491,0,583.8280959855621,,,,,,,,,,,,,,,,,,
7900,2600.989,0.17066417634487152,0.0001736991668573559,0,583.7441937632893,,,,,,,,,,,,,,,,,,
7950,2616.995,0.16326281428337097,0.00016584204092841577,0,583.8423107973676,,,,,,,,,,,,,,,,,,
8000,2633.868,0.17895027995109558,0.0001581446179527049,0,583.7469638533113,,,,,,,,,,,,,,,,,,
8050,2649.615,0.16609926521778107,0.00015060900232880648,0,583.9010223066429,,,,,,,,,,,,,,,,,,
8100,2666.377,0.16794484853744507,0.0001432372542187895,0,583.830620909069,,,,,,,,,,,,,,,,,,
8150,2682.494,0.16214026510715485,0.00013603138898498075,0,583.9017512133821,,,,,,,,,,,,,,,,,,
8200,2699.306,0.16569368541240692,0.00012899337663898496,0,583.8212835518958,,,,,,,,,,,,,,,,,,
8250,2715.495,0.16619464755058289,0.0001221251413031036,0,583.8760326182518,,,,,,,,,,,,,,,,,,
8300,2732.32,0.16501127183437347,0.00011542856068429835,0,583.7942465537285,,,,,,,,,,,,,,,,,,
8350,2748.304,0.15947657823562622,0.00010890546556084565,0,583.892051885861,,,,,,,,,,,,,,,,,,
8400,2765.038,0.1669682413339615,0.00010255763928181958,0,583.8300452185202,,,,,,,,,,,,,,,,,,
8450,2780.364,0.16929541528224945,9.638681727954196e-05,0,584.0648993669024,,,,,,,,,,,,,,,,,,
8500,2796.424,0.1635233461856842,9.039468659513328e-05,0,584.1437553520568,,,,,,,,,,,,,,,,,,
8550,2813.248,0.162605419754982,8.458288541729115e-05,0,584.0626623743067,,,,,,,,,,,,,,,,,,
8600,2829.226,0.15600016713142395,7.89530026344274e-05,0,584.1574131653314,,,,,,,,,,,,,,,,,,
8650,2845.945,0.1686059683561325,7.350657740028082e-05,0,584.0988166316763,,,,,,,,,,,,,,,,,,
8700,2861.9,0.1705126166343689,6.824509871312812e-05,0,584.1970640344737,,,,,,,,,,,,,,,,,,
8750,2878.698,0.16217464208602905,6.317000500870688e-05,0,584.1227572829724,,,,,,,,,,,,,,,,,,
8800,2894.846,0.16922372579574585,5.828268376696144e-05,0,584.1808057023472,,,,,,,,,,,,,,,,,,
8850,2911.472,0.16388535499572754,5.358447113271977e-05,0,584.1420546529704,,,,,,,,,,,,,,,,,,
8900,2927.243,0.16193586587905884,4.9076651550404445e-05,0,584.2745796632802,,,,,,,,,,,,,,,,,,
8950,2943.824,0.17266975343227386,4.4760457412879124e-05,0,584.2446255565364,,,,,,,,,,,,,,,,,,
9000,2959.564,0.17147992551326752,4.063706872452402e-05,0,584.3813619502934,,,,,,,,,,,,,,,,,,
9050,2976.364,0.16330523788928986,3.6707612778634854e-05,0,584.3081265096204,,,,,,,,,,,,,,,,,,
9100,2991.876,0.16496649384498596,3.297316384923177e-05,0,584.487448091312,,,,,,,,,,,,,,,,,,
9150,3007.93,0.16170518100261688,2.9434742897363892e-05,0,584.5596352217168,,,,,,,,,,,,,,,,,,
9200,3024.89,0.165424183011055,2.6093317291988577e-05,0,584.4556277017733,,,,,,,,,,,,,,,,,,
9250,3040.724,0.16588102281093597,2.294980054550222e-05,0,584.569483700898,,,,,,,,,,,,,,,,,,
9300,3057.323,0.1688772588968277,2.0005052063995692e-05,0,584.5356090816255,,,,,,,,,,,,,,,,,,
9350,3073.227,0.16059142351150513,1.7259876912300547e-05,0,584.6345258475529,,,,,,,,,,,,,,,,,,
9400,3089.789,0.16673336923122406,1.4715025593892984e-05,0,584.6076562111955,,,,,,,,,,,,,,,,,,
9450,3105.534,0.1660630851984024,1.2371193845713224e-05,0,584.7351820087629,,,,,,,,,,,,,,,,,,
9500,3122.258,0.17022159695625305,1.0229022447958258e-05,0,584.6778260089279,,,,,,,,,,,,,,,,,,
9550,3138.143,0.16271930932998657,8.289097048898631e-06,0,584.7773076121774,,,,,,,,,,,,,,,,,,
9600,3154.866,0.1622348129749298,6.5519480047686044e-06,0,584.7204196360946,,,,,,,,,,,,,,,,,,
9650,3170.829,0.16329216957092285,5.018050234771393e-06,0,584.8044374507879,,,,,,,,,,,,,,,,,,
9700,3187.538,0.16404883563518524,3.687823091241438e-06,0,584.750684548968,,,,,,,,,,,,,,,,,,
9750,3202.923,0.16972118616104126,2.561630244997615e-06,0,584.9392686612973,,,,,,,,,,,,,,,,,,
9800,3219.026,0.16548483073711395,1.6397795859190988e-06,0,584.9953988243134,,,,,,,,,,,,,,,,,,
9850,3235.509,0.16143757104873657,9.225231387714473e-07,0,584.9822599807159,,,,,,,,,,,,,,,,,,
9900,3251.555,0.15916603803634644,4.100569943054633e-07,0,585.0479179865576,,,,,,,,,,,,,,,,,,
9950,3268.12,0.1728687882423401,1.0252125564824688e-07,0,585.019973466706,,,,,,,,,,,,,,,,,,
10000,3283.902,0.16078835725784302,0.0,0,585.1318902140529,,,,,,,,,,,,,,,,,,
10000,3290.127,,,0,,11.0,48,0.0,262144,236385,0.3218309114368509,0.09826278686523438,3.2271134853363037,3.2111103534698486,1024,0.510703205066164,0.5166474021013084,0.514294599965825,0.5675247641902664,0.48221814826455406,0.4768949924314016,0.5126787331516647,0.5140310006488072
