step,wall_s,seed,arm,lr,nonfinite,agree_loss_diag,eff_rank_z,eff_rank_h,eff_rank_z_centred,eff_rank_h_centred,mean_std_z,mean_std_z_normalised,inv_sqrt_d,std_ceiling_normalised,n_diag_used,hinge_active_frac_z,hinge_active_frac_z_normalised,mean_z_norm,alignment,uniformity,train_loss,train_agree,train_var_raw,train_cov_raw,train_hinge_active
0,3.537,0,gram_vicreg_sphere_gamma,0.0006,0.0,0.0025952353607863188,15.197491645812988,34.40168380737305,39.19792938232422,103.7568588256836,0.034927163273096085,0.016230061650276184,0.08838834764831843,0.08847479104076175,512,0.9765625,1.0,1.162304401397705,0.062156014144420624,-0.13689574599266052,,,,,
25,7.628,0,gram_vicreg_sphere_gamma,,,,,,,,,,,,,,,,,,0.6507740616798401,0.02251659706234932,0.003512037335895002,5.820885417051613e-05,0.72265625
50,10.28,0,gram_vicreg_sphere_gamma,,,,,,,,,,,,,,,,,,0.5765106678009033,0.021161433309316635,0.0018969210796058178,5.184712972550187e-05,0.515625
50,10.771,0,gram_vicreg_sphere_gamma,0.030600000000000002,0.0,0.02704527974128723,111.544189453125,213.39193725585938,114.0400161743164,343.26275634765625,0.3524458408355713,0.08316723257303238,0.08838834764831843,0.08847479104076175,512,0.0,0.8515625,4.193821430206299,1.6969470977783203,-3.4323110580444336,,,,,
75,13.28,0,gram_vicreg_sphere_gamma,,,,,,,,,,,,,,,,,,0.5412062406539917,0.019981548190116882,0.0016647953307256103,4.766082565765828e-05,0.47265625
100,15.697,0,gram_vicreg_sphere_gamma,,,,,,,,,,,,,,,,,,0.5505591630935669,0.020340492948889732,0.0016799242584966123,4.8716214223532006e-05,0.4921875
100,16.264,0,gram_vicreg_sphere_gamma,0.06,0.0,0.02768690139055252,109.86968994140625,207.5819091796875,113.90088653564453,341.6632385253906,0.3862496614456177,0.08020422607660294,0.08838834764831843,0.08847479104076175,512,0.0,0.8828125,4.754309177398682,1.5759860277175903,-3.1851470470428467,,,,,
125,18.895,0,gram_vicreg_sphere_gamma,,,,,,,,,,,,,,,,,,0.5483664274215698,0.020230267196893692,0.0017024189583025873,4.9308271627523936e-05,0.46484375
150,21.483,0,gram_vicreg_sphere_gamma,,,,,,,,,,,,,,,,,,0.5256763696670532,0.01933872513473034,0.0016865149373188615,4.536144115263596e-05,0.421875
150,21.749,0,gram_vicreg_sphere_gamma,0.05998936833370358,0.0,0.022689301520586014,114.88479614257812,206.43727111816406,117.2401123046875,348.3982849121094,0.3775876462459564,0.08343461155891418,0.08838834764831843,0.08847479104076175,512,0.0,0.84375,4.488706588745117,1.7154383659362793,-3.4777698516845703,,,,,
175,24.43,0,gram_vicreg_sphere_gamma,,,,,,,,,,,,,,,,,,0.5085160136222839,0.018881868571043015,0.0014570651692338288,4.26659535150975e-05,0.44140625
200,27.511,0,gram_vicreg_sphere_gamma,,,,,,,,,,,,,,,,,,0.4988628923892975,0.018234817311167717,0.001718035724479705,4.157272996963002e-05,0.4609375
200,28.238,0,gram_vicreg_sphere_gamma,0.05995748087030285,0.0,0.019919637590646744,116.11659240722656,202.87744140625,118.51021575927734,352.80023193359375,0.3827638030052185,0.08337991684675217,0.08838834764831843,0.08847479104076175,512,0.0,0.8984375,4.546457290649414,1.7048404216766357,-3.4830024242401123,,,,,
225,30.266,0,gram_vicreg_sphere_gamma,,,,,,,,,,,,,,,,,,0.49240052700042725,0.01832238957285881,0.0013719772105105221,4.13822999689728e-05,0.43359375
250,33.403,0,gram_vicreg_sphere_gamma,,,,,,,,,,,,,,,,,,0.4776614010334015,0.017539195716381073,0.0015657343319617212,3.813529110630043e-05,0.453125
250,33.68,0,gram_vicreg_sphere_gamma,0.0599043602109225,0.0,0.019477223977446556,118.1047134399414,198.4542999267578,119.64239501953125,354.14996337890625,0.3800598084926605,0.08495311439037323,0.08838834764831843,0.08847479104076175,512,0.0,0.796875,4.445022106170654,1.8062074184417725,-3.621624231338501,,,,,
275,36.399,0,gram_vicreg_sphere_gamma,,,,,,,,,,,,,,,,,,0.48049813508987427,0.017644722014665604,0.0015736636705696583,3.849834502034355e-05,0.484375
300,38.732,0,gram_vicreg_sphere_gamma,,,,,,,,,,,,,,,,,,0.4748116731643677,0.017583848908543587,0.00140709662809968,3.8025949834263884e-05,0.46875
300,39.52,0,gram_vicreg_sphere_gamma,0.05983004400630411,0.0,0.019227949902415276,118.25782775878906,195.9238739013672,119.99153900146484,355.25103759765625,0.379374623298645,0.08474282920360565,0.08838834764831843,0.08847479104076175,512,0.0,0.8828125,4.445103645324707,1.7993577718734741,-3.6036882400512695,,,,,
325,41.987,0,gram_vicreg_sphere_gamma,,,,,,,,,,,,,,,,,,0.47150129079818726,0.01742379739880562,0.001434745267033577,3.771897536353208e-05,0.44921875
350,45.05,0,gram_vicreg_sphere_gamma,,,,,,,,,,,,,,,,,,0.4783709645271301,0.017548248171806335,0.0015850747586227953,3.7876476199016906e-05,0.4453125
350,45.179,0,gram_vicreg_sphere_gamma,0.05973458493012021,0.0,0.01808183640241623,118.87163543701172,193.00558471679688,120.46340942382812,357.68988037109375,0.3804488778114319,0.08497178554534912,0.08838834764831843,0.08847479104076175,512,0.0,0.78125,4.443922996520996,1.7997217178344727,-3.629514217376709,,,,,
375,47.818,0,gram_vicreg_sphere_gamma,,,,,,,,,,,,,,,,,,0.4671996533870697,0.017181504517793655,0.0015050293295644224,3.6305853427620605e-05,0.42578125
400,50.97,0,gram_vicreg_sphere_gamma,,,,,,,,,,,,,,,,,,0.46248701214790344,0.017009558156132698,0.001488477282691747,3.611321881180629e-05,0.43359375
400,51.508,0,gram_vicreg_sphere_gamma,0.05961805064164034,0.0,0.018245840445160866,119.17476654052734,191.20770263671875,120.72298431396484,361.15716552734375,0.378998726606369,0.08510392904281616,0.08838834764831843,0.08847479104076175,512,0.0,0.8046875,4.419732093811035,1.80494225025177,-3.6403207778930664,,,,,
425,53.688,0,gram_vicreg_sphere_gamma,,,,,,,,,,,,,,,,,,0.47028377652168274,0.01722479984164238,0.001585073012392968,3.696307430800516e-05,0.4765625
450,56.769,0,gram_vicreg_sphere_gamma,,,,,,,,,,,,,,,,,,0.46339932084083557,0.01696278154850006,0.0015717516653239727,3.599901538109407e-05,0.4453125
450,57.016,0,gram_vicreg_sphere_gamma,0.05948052373777563,0.0,0.018242638558149338,118.96048736572266,188.2967987060547,120.77831268310547,360.7294616699219,0.38668328523635864,0.0845864862203598,0.08838834764831843,0.08847479104076175,512,0.0,0.8359375,4.5397186279296875,1.7576618194580078,-3.5946903228759766,,,,,
475,59.555,0,gram_vicreg_sphere_gamma,,,,,,,,,,,,,,,,,,0.46798083186149597,0.0172487311065197,0.0014690550160594285,3.619947347033303e-05,0.421875
500,62.696,0,gram_vicreg_sphere_gamma,,,,,,,,,,,,,,,,,,0.4685332477092743,0.017246097326278687,0.0014937770902179182,3.6395344068296254e-05,0.43359375
500,62.878,0,gram_vicreg_sphere_gamma,0.059322101694536,0.0,0.01777917891740799,118.09491729736328,188.22903442382812,120.61578369140625,361.6831359863281,0.39200735092163086,0.08327966928482056,0.08838834764831843,0.08847479104076175,512,0.0,0.8984375,4.66014289855957,1.7196519374847412,-3.484334707260132,,,,,
525,65.146,0,gram_vicreg_sphere_gamma,,,,,,,,,,,,,,,,,,0.46286606788635254,0.016949867829680443,0.0015633520670235157,3.5572580600273795e-05,0.45703125
550,68.046,0,gram_vicreg_sphere_gamma,,,,,,,,,,,,,,,,,,0.4595891237258911,0.01676689088344574,0.0016152678290382028,3.5150431358488277e-05,0.47265625
550,68.243,0,gram_vicreg_sphere_gamma,0.0591428967979413,0.0,0.018280044198036194,119.08063507080078,184.51504516601562,120.72286987304688,360.6358947753906,0.3872028589248657,0.08487720787525177,0.08838834764831843,0.08847479104076175,512,0.0,0.859375,4.516249179840088,1.7929279804229736,-3.619702100753784,,,,,
575,70.757,0,gram_vicreg_sphere_gamma,,,,,,,,,,,,,,,,,,0.45898523926734924,0.016914762556552887,0.0014432402676902711,3.516919969115406e-05,0.5078125
600,73.939,0,gram_vicreg_sphere_gamma,,,,,,,,,,,,,,,,,,0.4531755745410919,0.016671866178512573,0.0014537586248479784,3.495033524814062e-05,0.4609375
600,74.751,0,gram_vicreg_sphere_gamma,0.05894303606443548,0.0,0.017345989122986794,119.76294708251953,184.5336151123047,121.20553588867188,363.77545166015625,0.3945542871952057,0.08525621145963669,0.08838834764831843,0.08847479104076175,512,0.0,0.828125,4.590795993804932,1.8128795623779297,-3.65501070022583,,,,,
625,77.071,0,gram_vicreg_sphere_gamma,,,,,,,,,,,,,,,,,,0.45302754640579224,0.016627267003059387,0.0014924488496035337,3.465886038611643e-05,0.43359375
650,79.912,0,gram_vicreg_sphere_gamma,,,,,,,,,,,,,,,,,,0.4495181441307068,0.016642693430185318,0.0013366682105697691,3.4111923014279455e-05,0.41015625
650,80.333,0,gram_vicreg_sphere_gamma,0.05872266115086016,0.0,0.01730961911380291,120.16193389892578,183.41012573242188,121.49276733398438,363.9153137207031,0.4032786190509796,0.08556751161813736,0.08838834764831843,0.08847479104076175,512,0.0,0.8203125,4.666418552398682,1.8237229585647583,-3.683035135269165,,,,,
675,82.334,0,gram_vicreg_sphere_gamma,,,,,,,,,,,,,,,,,,0.4548742175102234,0.016808386892080307,0.0013851807452738285,3.502478648442775e-05,0.4296875
700,85.417,0,gram_vicreg_sphere_gamma,,,,,,,,,,,,,,,,,,0.4591405689716339,0.016963977366685867,0.00140021787956357,3.567521707736887e-05,0.44140625
700,86.266,0,gram_vicreg_sphere_gamma,0.058481928254051435,0.0,0.017458058893680573,120.12142944335938,180.63731384277344,121.40723419189453,362.97686767578125,0.3949986696243286,0.08552788943052292,0.08838834764831843,0.08847479104076175,512,0.0,0.7890625,4.581187725067139,1.8315318822860718,-3.678800582885742,,,,,
725,88.42,0,gram_vicreg_sphere_gamma,,,,,,,,,,,,,,,,,,0.4462418556213379,0.016388630494475365,0.0014596972614526749,3.3658085158094764e-05,0.4765625
750,91.031,0,gram_vicreg_sphere_gamma,,,,,,,,,,,,,,,,,,0.4496520161628723,0.0165913887321949,0.001393347280099988,3.361121162015479e-05,0.44140625
750,91.51,0,gram_vicreg_sphere_gamma,0.058221008000131,0.0,0.017419783398509026,120.15030670166016,180.84751892089844,121.62939453125,364.1678771972656,0.4030502438545227,0.0853179395198822,0.08838834764831843,0.08847479104076175,512,0.0,0.8671875,4.680954456329346,1.8111613988876343,-3.661346197128296,,,,,
775,93.919,0,gram_vicreg_sphere_gamma,,,,,,,,,,,,,,,,,,0.4521139860153198,0.016745086759328842,0.0013380811433307827,3.478036160231568e-05,0.4453125
800,97.661,0,gram_vicreg_sphere_gamma,,,,,,,,,,,,,,,,,,0.4505242705345154,0.016510039567947388,0.0015095603885129094,3.427122464927379e-05,0.4453125
800,98.191,0,gram_vicreg_sphere_gamma,0.05794008532357015,0.0,0.01719990372657776,119.84052276611328,180.47373962402344,121.41661071777344,363.0397033691406,0.403881311416626,0.0850924551486969,0.08838834764831843,0.08847479104076175,512,0.0,0.8515625,4.6962103843688965,1.7929011583328247,-3.6416280269622803,,,,,
825,100.543,0,gram_vicreg_sphere_gamma,,,,,,,,,,,,,,,,,,0.4526822865009308,0.016567964106798172,0.0015379608375951648,3.416362960706465e-05,0.4296875
850,103.433,0,gram_vicreg_sphere_gamma,,,,,,,,,,,,,,,,,,0.44713616371154785,0.01661975309252739,0.0012643418740481138,3.378828660061117e-05,0.453125
850,103.678,0,gram_vicreg_sphere_gamma,0.05763935933611238,0.0,0.017140332609415054,120.59870147705078,179.3595733642578,121.6973876953125,363.106689453125,0.4136055111885071,0.08589868247509003,0.08838834764831843,0.08847479104076175,512,0.0,0.796875,4.76978063583374,1.842262625694275,-3.7143890857696533,,,,,
875,106.4,0,gram_vicreg_sphere_gamma,,,,,,,,,,,,,,,,,,0.4473769962787628,0.016423247754573822,0.0014704937930218875,3.344250580994412e-05,0.4453125
900,108.907,0,gram_vicreg_sphere_gamma,,,,,,,,,,,,,,,,,,0.4430837035179138,0.016291506588459015,0.0014305172953754663,3.311312320875004e-05,0.44921875
900,109.602,0,gram_vicreg_sphere_gamma,0.0573190431856474,0.0,0.016744671389460564,120.9125747680664,179.20236206054688,121.99695587158203,364.6260681152344,0.4106491506099701,0.08599122613668442,0.08838834764831843,0.08847479104076175,512,0.0,0.734375,4.730839729309082,1.85935378074646,-3.72316837310791,,,,,
925,111.781,0,gram_vicreg_sphere_gamma,,,,,,,,,,,,,,,,,,0.44238781929016113,0.016270000487565994,0.0014241907047107816,3.301423021184746e-05,0.4140625
950,114.711,0,gram_vicreg_sphere_gamma,,,,,,,,,,,,,,,,,,0.44512081146240234,0.016374673694372177,0.0014288051752373576,3.3848322345875204e-05,0.4609375
950,115.369,0,gram_vicreg_sphere_gamma,0.056979363905136575,0.0,0.018038883805274963,119.84646606445312,176.37083435058594,121.33171081542969,361.6947021484375,0.40777432918548584,0.08519726246595383,0.08838834764831843,0.08847479104076175,512,0.0,0.84375,4.745193958282471,1.8082579374313354,-3.64794921875,,,,,
975,117.223,0,gram_vicreg_sphere_gamma,,,,,,,,,,,,,,,,,,0.45262670516967773,0.01657770946621895,0.0015260142972692847,3.360883783898316e-05,0.46875
1000,120.801,0,gram_vicreg_sphere_gamma,,,,,,,,,,,,,,,,,,0.4466847777366638,0.016383543610572815,0.00148249720223248,3.3787175198085606e-05,0.4375
1000,121.549,0,gram_vicreg_sphere_gamma,0.05662056225169714,0.0,0.01691563054919243,120.36126708984375,176.35948181152344,121.57303619384766,361.98956298828125,0.41671115159988403,0.08564545959234238,0.08838834764831843,0.08847479104076175,512,0.0,0.8203125,4.811846733093262,1.829742431640625,-3.6918954849243164,,,,,
1025,123.908,0,gram_vicreg_sphere_gamma,,,,,,,,,,,,,,,,,,0.4453718960285187,0.01642315462231636,0.0013903874205425382,3.3325319236610085e-05,0.43359375
1050,126.277,0,gram_vicreg_sphere_gamma,,,,,,,,,,,,,,,,,,0.4579765796661377,0.016764771193265915,0.0015529353404417634,3.392278085811995e-05,0.4375
1050,126.622,0,gram_vicreg_sphere_gamma,0.056242892535958836,0.0,0.016651533544063568,121.61860656738281,175.1783905029297,122.21978759765625,363.9126892089844,0.41390302777290344,0.08674315363168716,0.08838834764831843,0.08847479104076175,512,0.0,0.6953125,4.725190162658691,1.8820955753326416,-3.7906298637390137,,,,,
1075,129.73,0,gram_vicreg_sphere_gamma,,,,,,,,,,,,,,,,,,0.437614381313324,0.01620084047317505,0.0013024171930737793,3.2934718547039665e-05,0.453125
1100,131.952,0,gram_vicreg_sphere_gamma,,,,,,,,,,,,,,,,,,0.4405358135700226,0.016138702630996704,0.0014814225723966956,3.267567080911249e-05,0.4765625
1100,132.352,0,gram_vicreg_sphere_gamma,0.05584662244181418,0.0,0.016896110028028488,120.7216567993164,174.77374267578125,121.93083190917969,364.52001953125,0.41778430342674255,0.08570855855941772,0.08838834764831843,0.08847479104076175,512,0.0,0.7265625,4.823448181152344,1.8406198024749756,-3.6990549564361572,,,,,
1125,134.85,0,gram_vicreg_sphere_gamma,,,,,,,,,,,,,,,,,,0.4369505047798157,0.016076602041721344,0.0014000973314978182,3.3024947697413154e-05,0.44140625
1150,138.541,0,gram_vicreg_sphere_gamma,,,,,,,,,,,,,,,,,,0.4434690475463867,0.016284918412566185,0.0014525327715091407,3.274527443863917e-05,0.4375
1150,138.646,0,gram_vicreg_sphere_gamma,0.05543203283669012,0.0,0.016473326832056046,121.32621002197266,175.60643005371094,122.16326904296875,364.8874816894531,0.41866230964660645,0.08638159930706024,0.08838834764831843,0.08847479104076175,512,0.0,0.7265625,4.795249938964844,1.863418698310852,-3.75771164894104,,,,,
1175,141.582,0,gram_vicreg_sphere_gamma,,,,,,,,,,,,,,,,,,0.44641736149787903,0.016342632472515106,0.0015127364313229918,3.313492561574094e-05,0.41796875
1200,144.79,0,gram_vicreg_sphere_gamma,,,,,,,,,,,,,,,,,,0.441531240940094,0.016225039958953857,0.001434889796655625,3.2988540624501184e-05,0.45703125
1200,145.4,0,gram_vicreg_sphere_gamma,0.054999417572475444,0.0,0.016790391877293587,121.39947509765625,174.01260375976562,122.23412322998047,364.7723388671875,0.42014747858047485,0.08642951399087906,0.08838834764831843,0.08847479104076175,512,0.0,0.7109375,4.81940221786499,1.866114854812622,-3.7627768516540527,,,,,
1225,147.37,0,gram_vicreg_sphere_gamma,,,,,,,,,,,,,,,,,,0.43341201543807983,0.015989186242222786,0.0013459909241646528,3.256864511058666e-05,0.4921875
1250,150.118,0,gram_vicreg_sphere_gamma,,,,,,,,,,,,,,,,,,0.43876850605010986,0.016154266893863678,0.001395159400999546,3.2847756301634945e-05,0.41796875
1250,150.417,0,gram_vicreg_sphere_gamma,0.054549083277245065,0.0,0.01664283685386181,121.53350067138672,172.68115234375,122.22998809814453,364.6474609375,0.43288373947143555,0.08659651130437851,0.08838834764831843,0.08847479104076175,512,0.0,0.71875,4.952672004699707,1.8707386255264282,-3.777486801147461,,,,,
1275,153.138,0,gram_vicreg_sphere_gamma,,,,,,,,,,,,,,,,,,0.4406197667121887,0.01619519293308258,0.001428297022357583,3.2538391678826883e-05,0.44921875
1300,156.21,0,gram_vicreg_sphere_gamma,,,,,,,,,,,,,,,,,,0.43436571955680847,0.01614561304450035,0.0012277028290554881,3.282983379904181e-05,0.42578125
1300,156.514,0,gram_vicreg_sphere_gamma,0.054081349137928905,0.0,0.01638738065958023,121.36180114746094,171.70693969726562,122.17485809326172,364.9066162109375,0.424673467874527,0.08637122064828873,0.08838834764831843,0.08847479104076175,512,0.0,0.7265625,4.872222423553467,1.862886905670166,-3.7588202953338623,,,,,
1325,158.719,0,gram_vicreg_sphere_gamma,,,,,,,,,,,,,,,,,,0.4424760341644287,0.016312774270772934,0.0013849365641362965,3.325642865092959e-05,0.46484375
1350,161.495,0,gram_vicreg_sphere_gamma,,,,,,,,,,,,,,,,,,0.43994084000587463,0.016222722828388214,0.001373598468489945,3.281783028796781e-05,0.46484375
1350,162.148,0,gram_vicreg_sphere_gamma,0.05359654667407927,0.0,0.01679162308573723,121.30579376220703,171.4936981201172,122.15779113769531,363.7433776855469,0.4317026436328888,0.08639097958803177,0.08838834764831843,0.08847479104076175,512,0.0,0.6953125,4.94635009765625,1.86152184009552,-3.759084701538086,,,,,
1375,165.113,0,gram_vicreg_sphere_gamma,,,,,,,,,,,,,,,,,,0.43683475255966187,0.01616119034588337,0.0013108871644362807,3.280149394413456e-05,0.44140625
1400,167.86,0,gram_vicreg_sphere_gamma,,,,,,,,,,,,,,,,,,0.4346645474433899,0.016002273187041283,0.0013830091338604689,3.247767199354712e-05,0.40625
1400,168.336,0,gram_vicreg_sphere_gamma,0.05309501950289718,0.0,0.01654944010078907,121.80066680908203,170.88385009765625,122.33184814453125,364.5228271484375,0.4344274401664734,0.08702030777931213,0.08838834764831843,0.08847479104076175,512,0.0,0.671875,4.94724178314209,1.8772631883621216,-3.8149709701538086,,,,,
1425,170.325,0,gram_vicreg_sphere_gamma,,,,,,,,,,,,,,,,,,0.432553768157959,0.015987802296876907,0.0013130544684827328,3.235044459870551e-05,0.453125
1450,173.537,0,gram_vicreg_sphere_gamma,,,,,,,,,,,,,,,,,,0.4434152841567993,0.016214296221733093,0.0015210146084427834,3.25109558616532e-05,0.44921875
1450,173.801,0,gram_vicreg_sphere_gamma,0.05257712309568415,0.0,0.01661739870905876,121.43936920166016,170.6905059814453,122.17818450927734,363.6277160644531,0.433655709028244,0.08662645518779755,0.08838834764831843,0.08847479104076175,512,0.0,0.6796875,4.962145805358887,1.863510251045227,-3.7794322967529297,,,,,
1475,176.165,0,gram_vicreg_sphere_gamma,,,,,,,,,,,,,,,,,,0.44268128275871277,0.01625068299472332,0.001455271034501493,3.2426447432953864e-05,0.4609375
1500,178.805,0,gram_vicreg_sphere_gamma,,,,,,,,,,,,,,,,,,0.4326975345611572,0.015865668654441833,0.0014409503783099353,3.2051662856247276e-05,0.4453125
1500,179.048,0,gram_vicreg_sphere_gamma,0.052043224525892016,0.0,0.016527308151125908,121.70075225830078,169.72088623046875,122.27003479003906,363.5460510253906,0.4325231909751892,0.08693204820156097,0.08838834764831843,0.08847479104076175,512,0.0,0.65625,4.927636623382568,1.8861627578735352,-3.8071277141571045,,,,,
1525,181.851,0,gram_vicreg_sphere_gamma,,,,,,,,,,,,,,,,,,0.4435991048812866,0.01634797640144825,0.0013946808758191764,3.265407030994538e-05,0.44921875
1550,185.197,0,gram_vicreg_sphere_gamma,,,,,,,,,,,,,,,,,,0.4329659044742584,0.015951868146657944,0.001365471980534494,3.240094520151615e-05,0.44921875
1550,185.294,0,gram_vicreg_sphere_gamma,0.05149370220894945,0.0,0.016317378729581833,121.7978744506836,168.61207580566406,122.36206817626953,363.09490966796875,0.43257296085357666,0.08688841760158539,0.08838834764831843,0.08847479104076175,512,0.0,0.6953125,4.92866849899292,1.8823386430740356,-3.8048949241638184,,,,,
1575,188.3,0,gram_vicreg_sphere_gamma,,,,,,,,,,,,,,,,,,0.4371475279331207,0.01602816954255104,0.001456427271477878,3.261519123043399e-05,0.45703125
1600,191.209,0,gram_vicreg_sphere_gamma,,,,,,,,,,,,,,,,,,0.43839749693870544,0.016073184087872505,0.0014614285319112241,3.218745405320078e-05,0.4453125
1600,191.714,0,gram_vicreg_sphere_gamma,0.050928945634049545,0.0,0.01774965226650238,121.54735565185547,165.8630828857422,122.23715209960938,360.9084167480469,0.4294039309024811,0.08669321238994598,0.08838834764831843,0.08847479104076175,512,0.0,0.65625,4.909343242645264,1.866344928741455,-3.7808926105499268,,,,,
1625,194.123,0,gram_vicreg_sphere_gamma,,,,,,,,,,,,,,,,,,0.44129130244255066,0.01615845039486885,0.0014919035020284355,3.245385050831828e-05,0.421875
1650,196.922,0,gram_vicreg_sphere_gamma,,,,,,,,,,,,,,,,,,0.43469980359077454,0.016082722693681717,0.001303967321291566,3.254009970987681e-05,0.421875
1650,197.368,0,gram_vicreg_sphere_gamma,0.05034935508808848,0.0,0.01630266197025776,122.03209686279297,168.55523681640625,122.5354232788086,363.1996765136719,0.43884512782096863,0.0870838388800621,0.08838834764831843,0.08847479104076175,512,0.0,0.6484375,4.993537425994873,1.9037829637527466,-3.821727991104126,,,,,
1675,200.07,0,gram_vicreg_sphere_gamma,,,,,,,,,,,,,,,,,,0.4341188669204712,0.0159609317779541,0.0014025256969034672,3.2422605727333575e-05,0.46484375
1700,202.689,0,gram_vicreg_sphere_gamma,,,,,,,,,,,,,,,,,,0.43546223640441895,0.01599687710404396,0.0014203207101672888,3.22767227771692e-05,0.453125
1700,203.054,0,gram_vicreg_sphere_gamma,0.04975534137195116,0.0,0.016314886510372162,122.0614242553711,167.89402770996094,122.54728698730469,363.45245361328125,0.43490520119667053,0.08708522468805313,0.08838834764831843,0.08847479104076175,512,0.0,0.71875,4.948559761047363,1.9060698747634888,-3.820772171020508,,,,,
1725,205.242,0,gram_vicreg_sphere_gamma,,,,,,,,,,,,,,,,,,0.42968055605888367,0.015908358618617058,0.0012775904033333063,3.1852276151767e-05,0.44921875
1750,208.022,0,gram_vicreg_sphere_gamma,,,,,,,,,,,,,,,,,,0.4342467784881592,0.01607736386358738,0.001291203312575817,3.261394704168197e-05,0.46484375
1750,208.114,0,gram_vicreg_sphere_gamma,0.0491473255093446,0.0,0.01624106429517269,122.19082641601562,168.04876708984375,122.58621215820312,363.7897033691406,0.43459612131118774,0.08728408068418503,0.08838834764831843,0.08847479104076175,512,0.0,0.609375,4.93248987197876,1.9066181182861328,-3.8379604816436768,,,,,
1775,211.654,0,gram_vicreg_sphere_gamma,,,,,,,,,,,,,,,,,,0.44058090448379517,0.01597241498529911,0.0016495376476086676,3.20914841722697e-05,0.40234375
1800,214.563,0,gram_vicreg_sphere_gamma,,,,,,,,,,,,,,,,,,0.4346075654029846,0.016086772084236145,0.0012962534674443305,3.1940035114530474e-05,0.45703125
1800,215.097,0,gram_vicreg_sphere_gamma,0.04852573844838576,0.0,0.016313951462507248,121.88566589355469,167.2275848388672,122.36662292480469,363.25457763671875,0.4346170723438263,0.08704254776239395,0.08838834764831843,0.08847479104076175,512,0.0,0.6640625,4.945438385009766,1.8953533172607422,-3.818291664123535,,,,,
1825,217.397,0,gram_vicreg_sphere_gamma,,,,,,,,,,,,,,,,,,0.43416863679885864,0.01593186892569065,0.001433614525012672,3.154616570100188e-05,0.44140625
1850,220.106,0,gram_vicreg_sphere_gamma,,,,,,,,,,,,,,,,,,0.43027985095977783,0.015912272036075592,0.0012976538855582476,3.1697258236818016e-05,0.45703125
1850,220.307,0,gram_vicreg_sphere_gamma,0.04789102075615504,0.0,0.016495661810040474,122.04029846191406,166.78123474121094,122.46736907958984,363.0227355957031,0.4333362579345703,0.08720571547746658,0.08838834764831843,0.08847479104076175,512,0.0,0.6328125,4.922689437866211,1.887251853942871,-3.8310980796813965,,,,,
1875,222.918,0,gram_vicreg_sphere_gamma,,,,,,,,,,,,,,,,,,0.4302639067173004,0.015796959400177002,0.0014123446308076382,3.130989534838591e-05,0.43359375
1900,226.022,0,gram_vicreg_sphere_gamma,,,,,,,,,,,,,,,,,,0.43858206272125244,0.016108421608805656,0.0014335621381178498,3.249183646403253e-05,0.47265625
1900,226.273,0,gram_vicreg_sphere_gamma,0.04724362230643221,0.0,0.01640460267663002,122.14270782470703,166.93504333496094,122.50445556640625,362.8053894042969,0.43363648653030396,0.08728908747434616,0.08838834764831843,0.08847479104076175,512,0.0,0.6484375,4.912132263183594,1.9000765085220337,-3.83886981010437,,,,,
1925,228.768,0,gram_vicreg_sphere_gamma,,,,,,,,,,,,,,,,,,0.4282296299934387,0.01590108498930931,0.0012268262798897922,3.185458808729891e-05,0.421875
1950,231.119,0,gram_vicreg_sphere_gamma,,,,,,,,,,,,,,,,,,0.4428651034832001,0.016152014955878258,0.0015612911665812135,3.2467374694533646e-05,0.46875
1950,231.212,0,gram_vicreg_sphere_gamma,0.0465840019608358,0.0,0.016582095995545387,122.04961395263672,166.12998962402344,122.45394134521484,363.5951232910156,0.43296337127685547,0.08722229301929474,0.08838834764831843,0.08847479104076175,512,0.0,0.59375,4.911046981811523,1.8956968784332275,-3.8337182998657227,,,,,
1975,235.341,0,gram_vicreg_sphere_gamma,,,,,,,,,,,,,,,,,,0.42873355746269226,0.01583906263113022,0.0013089951826259494,3.2093492336571217e-05,0.421875
2000,237.777,0,gram_vicreg_sphere_gamma,,,,,,,,,,,,,,,,,,0.4294014573097229,0.01588204875588417,0.0012927460484206676,3.157728315272834e-05,0.4453125
2000,238.369,0,gram_vicreg_sphere_gamma,0.04591262724359227,0.0,0.016340676695108414,122.17660522460938,165.75271606445312,122.52519989013672,363.4403076171875,0.4305361211299896,0.08734138309955597,0.08838834764831843,0.08847479104076175,512,0.0,0.609375,4.8749847412109375,1.9072291851043701,-3.8432974815368652,,,,,
2025,240.54,0,gram_vicreg_sphere_gamma,,,,,,,,,,,,,,,,,,0.43535903096199036,0.015980437397956848,0.001432634424418211,3.2242074667010456e-05,0.4140625
2050,243.607,0,gram_vicreg_sphere_gamma,,,,,,,,,,,,,,,,,,0.4288099408149719,0.015722226351499557,0.0014289150130935013,3.1406832931679673e-05,0.4453125
2050,243.914,0,gram_vicreg_sphere_gamma,0.045229974010165194,0.0,0.01621987298130989,122.28437805175781,166.03131103515625,122.6109390258789,362.95159912109375,0.43275314569473267,0.08731810748577118,0.08838834764831843,0.08847479104076175,512,0.0,0.6796875,4.899511337280273,1.8982298374176025,-3.843088150024414,,,,,
2075,246.39,0,gram_vicreg_sphere_gamma,,,,,,,,,,,,,,,,,,0.4304437041282654,0.015977904200553894,0.0012385672889649868,3.191001815139316e-05,0.4375
2100,249.335,0,gram_vicreg_sphere_gamma,,,,,,,,,,,,,,,,,,0.43189337849617004,0.01588090881705284,0.00139355449937284,3.1797435440239497e-05,0.45703125
2100,249.596,0,gram_vicreg_sphere_gamma,0.044536526109979505,0.0,0.0162234827876091,122.2580795288086,166.3306884765625,122.60409545898438,363.4186706542969,0.4369334280490875,0.08738401532173157,0.08838834764831843,0.08847479104076175,512,0.0,0.6484375,4.948185920715332,1.9037692546844482,-3.849721908569336,,,,,
2125,251.637,0,gram_vicreg_sphere_gamma,,,,,,,,,,,,,,,,,,0.43075916171073914,0.015955522656440735,0.0012735563796013594,3.2208094125962816e-05,0.4609375
2150,254.942,0,gram_vicreg_sphere_gamma,,,,,,,,,,,,,,,,,,0.437904417514801,0.01606656052172184,0.0014483352424576879,3.201068284397479e-05,0.44140625
2150,255.303,0,gram_vicreg_sphere_gamma,0.04383277504347977,0.0,0.01626605913043022,122.2616958618164,165.7330322265625,122.65959167480469,363.9345703125,0.4347520172595978,0.08722536265850067,0.08838834764831843,0.08847479104076175,512,0.0,0.703125,4.93446683883667,1.9034708738327026,-3.8345134258270264,,,,,
2175,258.252,0,gram_vicreg_sphere_gamma,,,,,,,,,,,,,,,,,,0.43258029222488403,0.01599157229065895,0.0013103642268106341,3.1885350836091675e-05,0.45703125
2200,260.777,0,gram_vicreg_sphere_gamma,,,,,,,,,,,,,,,,,,0.4350880980491638,0.015994064509868622,0.0014081732369959354,3.213374293409288e-05,0.4375
2200,261.36,0,gram_vicreg_sphere_gamma,0.043119219613765664,0.0,0.01618327386677265,122.50761413574219,165.60806274414062,122.75806427001953,363.4200439453125,0.4363909661769867,0.08756847679615021,0.08838834764831843,0.08847479104076175,512,0.0,0.6015625,4.9346137046813965,1.9096221923828125,-3.8650314807891846,,,,,
2225,263.401,0,gram_vicreg_sphere_gamma,,,,,,,,,,,,,,,,,,0.43008139729499817,0.0158708393573761,0.0013311346992850304,3.2049763831309974e-05,0.48046875
2250,266.573,0,gram_vicreg_sphere_gamma,,,,,,,,,,,,,,,,,,0.4254951477050781,0.01578564941883087,0.0012329007149673998,3.1404380933963694e-05,0.43359375
2250,267.136,0,gram_vicreg_sphere_gamma,0.04239636557305134,0.0,0.016170373186469078,122.51053619384766,164.9922332763672,122.7412109375,363.6866760253906,0.43519020080566406,0.08756700903177261,0.08838834764831843,0.08847479104076175,512,0.0,0.5390625,4.922883987426758,1.9152908325195312,-3.865138292312622,,,,,
2275,269.702,0,gram_vicreg_sphere_gamma,,,,,,,,,,,,,,,,,,0.4316858947277069,0.015965117141604424,0.0013010342372581363,3.2109870517160743e-05,0.453125
2300,272.17,0,gram_vicreg_sphere_gamma,,,,,,,,,,,,,,,,,,0.42596733570098877,0.015659455209970474,0.0013779744040220976,3.1601288355886936e-05,0.43359375
2300,272.889,0,gram_vicreg_sphere_gamma,0.04166472526419962,0.0,0.01615244895219803,122.4083480834961,164.5969696044922,122.75180053710938,363.32855224609375,0.44038885831832886,0.08734646439552307,0.08838834764831843,0.08847479104076175,512,0.0,0.625,4.988237380981445,1.9083549976348877,-3.846236228942871,,,,,
2325,275.258,0,gram_vicreg_sphere_gamma,,,,,,,,,,,,,,,,,,0.4249616265296936,0.015714144334197044,0.001283073506783694,3.117361120530404e-05,0.421875
2350,278.817,0,gram_vicreg_sphere_gamma,,,,,,,,,,,,,,,,,,0.42879176139831543,0.01575964316725731,0.0013907800312153995,3.119347820756957e-05,0.44140625
2350,278.924,0,gram_vicreg_sphere_gamma,0.04092481725758467,0.0,0.016144782304763794,122.73448181152344,164.58558654785156,122.88427734375,363.85614013671875,0.43710857629776,0.08775650709867477,0.08838834764831843,0.08847479104076175,512,0.0,0.6015625,4.934610843658447,1.9133285284042358,-3.8822920322418213,,,,,
2375,281.882,0,gram_vicreg_sphere_gamma,,,,,,,,,,,,,,,,,,0.42964115738868713,0.015747232362627983,0.0014371536672115326,3.149622534692753e-05,0.42578125
2400,285.016,0,gram_vicreg_sphere_gamma,,,,,,,,,,,,,,,,,,0.4314464032649994,0.015817193314433098,0.0014393841847777367,3.199174352630507e-05,0.45703125
2400,285.475,0,gram_vicreg_sphere_gamma,0.0401771659835409,0.0,0.016127167269587517,122.42772674560547,163.85491943359375,122.7803726196289,363.6200866699219,0.43674612045288086,0.08741629868745804,0.08838834764831843,0.08847479104076175,512,0.0,0.6171875,4.944672584533691,1.9050112962722778,-3.8516666889190674,,,,,
2425,287.963,0,gram_vicreg_sphere_gamma,,,,,,,,,,,,,,,,,,0.42715391516685486,0.015610038302838802,0.0014748737448826432,3.111322530457983e-05,0.44140625
2450,290.533,0,gram_vicreg_sphere_gamma,,,,,,,,,,,,,,,,,,0.4300602376461029,0.01581100933253765,0.0013901376514695585,3.155220110784285e-05,0.41796875
2450,290.747,0,gram_vicreg_sphere_gamma,0.03942230136065847,0.0,0.016078442335128784,122.60696411132812,163.76742553710938,122.76854705810547,362.96697998046875,0.4388481080532074,0.08773143589496613,0.08838834764831843,0.08847479104076175,512,0.0,0.53125,4.95216703414917,1.9147576093673706,-3.8795416355133057,,,,,
2475,292.961,0,gram_vicreg_sphere_gamma,,,,,,,,,,,,,,,,,,0.4326878786087036,0.015799423679709435,0.001506830332800746,3.151921737298835e-05,0.44921875
2500,296.366,0,gram_vicreg_sphere_gamma,,,,,,,,,,,,,,,,,,0.4260866045951843,0.015777114778757095,0.001265085069462657,3.162723260174971e-05,0.41796875
2500,296.606,0,gram_vicreg_sphere_gamma,0.03866075842018863,0.0,0.016126610338687897,122.51702117919922,163.68202209472656,122.81866455078125,362.7956848144531,0.4395473599433899,0.08743676543235779,0.08838834764831843,0.08847479104076175,512,0.0,0.640625,4.979635238647461,1.8985188007354736,-3.852108955383301,,,,,
2525,298.916,0,gram_vicreg_sphere_gamma,,,,,,,,,,,,,,,,,,0.42469075322151184,0.01568073406815529,0.0013056427123956382,3.133635618723929e-05,0.41796875
2550,302.087,0,gram_vicreg_sphere_gamma,,,,,,,,,,,,,,,,,,0.4258645474910736,0.015678927302360535,0.0013543961104005575,3.143717367493082e-05,0.46484375
2550,302.459,0,gram_vicreg_sphere_gamma,0.037893076926825635,0.0,0.016050735488533974,122.61566925048828,164.1549835205078,122.83734893798828,363.1828918457031,0.43868309259414673,0.08759075403213501,0.08838834764831843,0.08847479104076175,512,0.0,0.5703125,4.961747646331787,1.8980188369750977,-3.8668437004089355,,,,,
2575,304.946,0,gram_vicreg_sphere_gamma,,,,,,,,,,,,,,,,,,0.4359625577926636,0.015874037519097328,0.0015631914720870554,3.182810542057268e-05,0.4140625
2600,307.938,0,gram_vicreg_sphere_gamma,,,,,,,,,,,,,,,,,,0.4294658303260803,0.015714168548583984,0.0014632010133937001,3.160227606713306e-05,0.4375
2600,308.61,0,gram_vicreg_sphere_gamma,0.03711980099613345,0.0,0.015977993607521057,122.70551300048828,163.94667053222656,122.86775207519531,363.1549987792969,0.44395920634269714,0.08767230808734894,0.08838834764831843,0.08847479104076175,512,0.0,0.578125,5.0155930519104,1.8993864059448242,-3.8754446506500244,,,,,
2625,311.357,0,gram_vicreg_sphere_gamma,,,,,,,,,,,,,,,,,,0.42814019322395325,0.01584370993077755,0.001280645257793367,3.1327203032560647e-05,0.44140625
2650,313.989,0,gram_vicreg_sphere_gamma,,,,,,,,,,,,,,,,,,0.4274609386920929,0.015753787010908127,0.0013433989370241761,3.130850200250279e-05,0.453125
2650,314.322,0,gram_vicreg_sphere_gamma,0.03634147870888873,0.0,0.016033245250582695,122.54085540771484,163.73167419433594,122.75045776367188,362.5809020996094,0.4376910924911499,0.08767089247703552,0.08838834764831843,0.08847479104076175,512,0.0,0.59375,4.944175720214844,1.9021971225738525,-3.873657464981079,,,,,
2675,317.013,0,gram_vicreg_sphere_gamma,,,,,,,,,,,,,,,,,,0.42861852049827576,0.015805786475539207,0.0013376956922002137,3.1451407267013565e-05,0.4140625
2700,319.544,0,gram_vicreg_sphere_gamma,,,,,,,,,,,,,,,,,,0.4265978932380676,0.015594825148582458,0.0014678537845611572,3.0894356314092875e-05,0.4296875
2700,319.703,0,gram_vicreg_sphere_gamma,0.03555866172261343,0.0,0.015919771045446396,122.71627807617188,163.9548797607422,122.88990020751953,362.709716796875,0.439791202545166,0.08769816160202026,0.08838834764831843,0.08847479104076175,512,0.0,0.6171875,4.967443466186523,1.9017316102981567,-3.8769009113311768,,,,,
2725,322.35,0,gram_vicreg_sphere_gamma,,,,,,,,,,,,,,,,,,0.4282139837741852,0.015821153298020363,0.001306152727920562,3.133020072709769e-05,0.4453125
2750,325.881,0,gram_vicreg_sphere_gamma,,,,,,,,,,,,,,,,,,0.4201465845108032,0.01561313308775425,0.0011914753704331815,3.1374884201795794e-05,0.44140625
2750,326.204,0,gram_vicreg_sphere_gamma,0.034771904880572156,0.0,0.015992488712072372,122.64888763427734,163.60009765625,122.79073333740234,361.8403015136719,0.4399145543575287,0.08771658688783646,0.08838834764831843,0.08847479104076175,512,0.0,0.6015625,4.968343257904053,1.9078108072280884,-3.8780338764190674,,,,,
2775,328.203,0,gram_vicreg_sphere_gamma,,,,,,,,,,,,,,,,,,0.42098090052604675,0.01542563084512949,0.0014123651199042797,3.0993169275461696e-05,0.453125
2800,331.919,0,gram_vicreg_sphere_gamma,,,,,,,,,,,,,,,,,,0.42333513498306274,0.01568487659096718,0.0012472902308218181,3.0957331546233036e-05,0.44921875
2800,332.364,0,gram_vicreg_sphere_gamma,0.03398176581851166,0.0,0.015951355919241905,122.67350769042969,163.6578369140625,122.87396240234375,362.3620910644531,0.4370509386062622,0.08767879754304886,0.08838834764831843,0.08847479104076175,512,0.0,0.6171875,4.933135032653809,1.9082640409469604,-3.8754665851593018,,,,,
2825,334.385,0,gram_vicreg_sphere_gamma,,,,,,,,,,,,,,,,,,0.4265260696411133,0.015679167583584785,0.0013806113274767995,3.161108361382503e-05,0.4609375
2850,337.554,0,gram_vicreg_sphere_gamma,,,,,,,,,,,,,,,,,,0.42474502325057983,0.015568540431559086,0.0014200155274011195,3.111960359092336e-05,0.43359375
2850,337.682,0,gram_vicreg_sphere_gamma,0.033188804569420964,0.0,0.015964945778250694,122.78651428222656,163.5997772216797,122.91082000732422,362.03668212890625,0.4369898736476898,0.08780616521835327,0.08838834764831843,0.08847479104076175,512,0.0,0.609375,4.9303483963012695,1.914588212966919,-3.8863039016723633,,,,,
2875,340.224,0,gram_vicreg_sphere_gamma,,,,,,,,,,,,,,,,,,0.4246659576892853,0.015722285956144333,0.0012630979181267321,3.136645500489976e-05,0.4609375
2900,343.33,0,gram_vicreg_sphere_gamma,,,,,,,,,,,,,,,,,,0.420168399810791,0.015566990710794926,0.001238497265148908,3.121576264675241e-05,0.3984375
2900,343.437,0,gram_vicreg_sphere_gamma,0.03239358316659249,0.0,0.01592825911939144,122.82059478759766,164.1377716064453,122.93233489990234,362.1610107421875,0.4401920735836029,0.08782882988452911,0.08838834764831843,0.08847479104076175,512,0.0,0.609375,4.9666900634765625,1.918889045715332,-3.8885676860809326,,,,,
2925,345.492,0,gram_vicreg_sphere_gamma,,,,,,,,,,,,,,,,,,0.42250335216522217,0.015541095286607742,0.0013578104553744197,3.068116529902909e-05,0.4453125
2950,348.915,0,gram_vicreg_sphere_gamma,,,,,,,,,,,,,,,,,,0.4293341338634491,0.01579001173377037,0.001382088812533766,3.161242057103664e-05,0.44921875
2950,349.372,0,gram_vicreg_sphere_gamma,0.03159666524526536,0.0,0.015826374292373657,122.89546966552734,163.23619079589844,123.02169799804688,361.63555908203125,0.4407859146595001,0.08786290884017944,0.08838834764831843,0.08847479104076175,512,0.0,0.515625,4.972160339355469,1.918783187866211,-3.890861988067627,,,,,
2975,352.203,0,gram_vicreg_sphere_gamma,,,,,,,,,,,,,,,,,,0.4213871955871582,0.015584941953420639,0.0012693130411207676,3.081097747781314e-05,0.43359375
3000,354.905,0,gram_vicreg_sphere_gamma,,,,,,,,,,,,,,,,,,0.42164018750190735,0.015546217560768127,0.001318166556302458,3.060014478251105e-05,0.44140625
3000,355.58,0,gram_vicreg_sphere_gamma,0.030798615643133243,0.0,0.01588231883943081,122.84420013427734,162.8495635986328,122.95918273925781,361.3756103515625,0.4424367845058441,0.08788257837295532,0.08838834764831843,0.08847479104076175,512,0.0,0.578125,4.988088130950928,1.9152339696884155,-3.892129421234131,,,,,
3025,358.298,0,gram_vicreg_sphere_gamma,,,,,,,,,,,,,,,,,,0.4289264380931854,0.015700381249189377,0.0014554314548149705,3.112779086222872e-05,0.4375
3050,360.479,0,gram_vicreg_sphere_gamma,,,,,,,,,,,,,,,,,,0.4290635287761688,0.015790395438671112,0.0013708783662877977,3.167842987750191e-05,0.453125
3050,361.492,0,gram_vicreg_sphere_gamma,0.03,0.0,0.015797169879078865,123.02164459228516,162.4645538330078,123.09921264648438,361.31427001953125,0.43863213062286377,0.0879397988319397,0.08838834764831843,0.08847479104076175,512,0.0,0.5703125,4.945000648498535,1.9207913875579834,-3.897531032562256,,,,,
3075,363.492,0,gram_vicreg_sphere_gamma,,,,,,,,,,,,,,,,,,0.42408931255340576,0.015660032629966736,0.0013023060164414346,3.082770672335755e-05,0.4453125
3100,366.167,0,gram_vicreg_sphere_gamma,,,,,,,,,,,,,,,,,,0.4231381118297577,0.015553072094917297,0.0013712177751585841,3.089107667619828e-05,0.421875
3100,367.311,0,gram_vicreg_sphere_gamma,0.02920138435686676,0.0,0.01578999124467373,122.9585952758789,162.41900634765625,123.00750732421875,361.10498046875,0.4381658732891083,0.08801103383302689,0.08838834764831843,0.08847479104076175,512,0.0,0.5625,4.937276363372803,1.929557204246521,-3.9039885997772217,,,,,
3125,370.101,0,gram_vicreg_sphere_gamma,,,,,,,,,,,,,,,,,,0.42026594281196594,0.015469100326299667,0.0013403024058789015,3.086537617491558e-05,0.4453125
3150,373.048,0,gram_vicreg_sphere_gamma,,,,,,,,,,,,,,,,,,0.4238935112953186,0.015777405351400375,0.001177067868411541,3.168914918205701e-05,0.4453125
3150,373.294,0,gram_vicreg_sphere_gamma,0.02840333475473465,0.0,0.015800146386027336,122.97589111328125,162.8662567138672,123.02422332763672,361.7281494140625,0.44075024127960205,0.08801297098398209,0.08838834764831843,0.08847479104076175,512,0.0,0.5703125,4.966436386108398,1.9332376718521118,-3.9056570529937744,,,,,
3175,375.703,0,gram_vicreg_sphere_gamma,,,,,,,,,,,,,,,,,,0.42267775535583496,0.015528405085206032,0.0013774976832792163,3.0196972147678025e-05,0.453125
3200,378.678,0,gram_vicreg_sphere_gamma,,,,,,,,,,,,,,,,,,0.41808685660362244,0.015304213389754295,0.0014180497964844108,3.0276956749730743e-05,0.421875
3200,379.209,0,gram_vicreg_sphere_gamma,0.027606416833407504,0.0,0.015827983617782593,123.01583099365234,162.5438232421875,123.05261993408203,361.32684326171875,0.4344315230846405,0.08805528283119202,0.08838834764831843,0.08847479104076175,512,0.0,0.5703125,4.891808986663818,1.9355297088623047,-3.9085023403167725,,,,,
3225,381.657,0,gram_vicreg_sphere_gamma,,,,,,,,,,,,,,,,,,0.42274025082588196,0.015486497431993484,0.0014218756114132702,3.0901492209522985e-05,0.4375
3250,384.577,0,gram_vicreg_sphere_gamma,,,,,,,,,,,,,,,,,,0.41941148042678833,0.015481255017220974,0.0012940037995576859,2.9995321710885037e-05,0.4765625
3250,384.965,0,gram_vicreg_sphere_gamma,0.02681119543057904,0.0,0.015811737626791,123.03166961669922,162.81539916992188,123.08448028564453,361.8113098144531,0.4376475214958191,0.08803129941225052,0.08838834764831843,0.08847479104076175,512,0.0,0.546875,4.931339263916016,1.9290763139724731,-3.9056317806243896,,,,,
3275,387.161,0,gram_vicreg_sphere_gamma,,,,,,,,,,,,,,,,,,0.41886603832244873,0.015485772863030434,0.0012676503392867744,3.0456941203738097e-05,0.4453125
3300,390.003,0,gram_vicreg_sphere_gamma,,,,,,,,,,,,,,,,,,0.4257567822933197,0.015650562942028046,0.0013784822076559067,3.065704459004337e-05,0.41796875
3300,390.534,0,gram_vicreg_sphere_gamma,0.026018234181488343,0.0,0.015731878578662872,123.13227081298828,162.76083374023438,123.17525482177734,361.6745300292969,0.43724358081817627,0.08805325627326965,0.08838834764831843,0.08847479104076175,512,0.0,0.5625,4.924562454223633,1.9239296913146973,-3.9092471599578857,,,,,
3325,393.749,0,gram_vicreg_sphere_gamma,,,,,,,,,,,,,,,,,,0.41878360509872437,0.01532747782766819,0.0014226505300030112,3.0394725399673916e-05,0.4375
3350,396.447,0,gram_vicreg_sphere_gamma,,,,,,,,,,,,,,,,,,0.42001038789749146,0.015530363656580448,0.0012688171118497849,3.088674657192314e-05,0.45703125
3350,396.76,0,gram_vicreg_sphere_gamma,0.02522809511942784,0.0,0.01574452966451645,123.03718566894531,162.3056640625,123.1022720336914,361.4371337890625,0.4395747780799866,0.087990902364254,0.08838834764831843,0.08847479104076175,512,0.0,0.546875,4.954391956329346,1.9278247356414795,-3.9031567573547363,,,,,
3375,399.194,0,gram_vicreg_sphere_gamma,,,,,,,,,,,,,,,,,,0.42739054560661316,0.015721451491117477,0.0013729302445426583,3.1022993425722234e-05,0.41796875
3400,401.901,0,gram_vicreg_sphere_gamma,,,,,,,,,,,,,,,,,,0.4188676178455353,0.01536458171904087,0.0013888844987377524,3.09775241476018e-05,0.4296875
3400,402.496,0,gram_vicreg_sphere_gamma,0.024441338277386575,0.0,0.015675880014896393,123.14865112304688,162.5535888671875,123.1720199584961,361.4167785644531,0.43931877613067627,0.08815012127161026,0.08838834764831843,0.08847479104076175,512,0.0,0.515625,4.942169189453125,1.929874300956726,-3.918309450149536,,,,,
3425,404.725,0,gram_vicreg_sphere_gamma,,,,,,,,,,,,,,,,,,0.42481839656829834,0.015755442902445793,0.0012360158143565059,3.195283898094203e-05,0.43359375
3450,407.777,0,gram_vicreg_sphere_gamma,,,,,,,,,,,,,,,,,,0.41621333360671997,0.0153976334258914,0.0012496842537075281,3.040597130166134e-05,0.4453125
3450,408.153,0,gram_vicreg_sphere_gamma,0.02365852129111127,0.0,0.01574046164751053,123.06494140625,162.49539184570312,123.09557342529297,361.2332763671875,0.4383126497268677,0.08812091499567032,0.08838834764831843,0.08847479104076175,512,0.0,0.5078125,4.93243408203125,1.924206256866455,-3.9148380756378174,,,,,
3475,410.997,0,gram_vicreg_sphere_gamma,,,,,,,,,,,,,,,,,,0.42067208886146545,0.015475022606551647,0.0013506630202755332,2.9934280973975547e-05,0.4609375
3500,413.34,0,gram_vicreg_sphere_gamma,,,,,,,,,,,,,,,,,,0.42476963996887207,0.015614846721291542,0.0013747010962106287,3.093027316936059e-05,0.4375
3500,413.448,0,gram_vicreg_sphere_gamma,0.022880199003866553,0.0,0.015640538185834885,123.06587982177734,162.53475952148438,123.11770629882812,361.5777893066406,0.43717798590660095,0.08810154348611832,0.08838834764831843,0.08847479104076175,512,0.0,0.5078125,4.921200275421143,1.9221370220184326,-3.9132773876190186,,,,,
3525,416.566,0,gram_vicreg_sphere_gamma,,,,,,,,,,,,,,,,,,0.4191092848777771,0.015502299182116985,0.0012608584947884083,3.036092675756663e-05,0.4375
3550,419.693,0,gram_vicreg_sphere_gamma,,,,,,,,,,,,,,,,,,0.41441190242767334,0.015285484492778778,0.0012897772248834372,3.033627217519097e-05,0.44921875
3550,419.947,0,gram_vicreg_sphere_gamma,0.022106923073174366,0.0,0.015702009201049805,123.0685806274414,162.21250915527344,123.0902328491211,361.10430908203125,0.4358557164669037,0.08812714368104935,0.08838834764831843,0.08847479104076175,512,0.0,0.5546875,4.906658172607422,1.9284937381744385,-3.915170907974243,,,,,
3575,422.751,0,gram_vicreg_sphere_gamma,,,,,,,,,,,,,,,,,,0.414318710565567,0.015306655317544937,0.0012648935662582517,2.999267053382937e-05,0.4375
3600,425.567,0,gram_vicreg_sphere_gamma,,,,,,,,,,,,,,,,,,0.4282412528991699,0.015804613009095192,0.0013237848761491477,3.130146251351107e-05,0.4140625
3600,426.113,0,gram_vicreg_sphere_gamma,0.021339241579811374,0.0,0.015685707330703735,123.08301544189453,162.3936767578125,123.10755157470703,361.759033203125,0.4354415237903595,0.08814997971057892,0.08838834764831843,0.08847479104076175,512,0.0,0.546875,4.9008588790893555,1.9247610569000244,-3.916952610015869,,,,,
3625,428.279,0,gram_vicreg_sphere_gamma,,,,,,,,,,,,,,,,,,0.4226374626159668,0.015505841933190823,0.0013984536053612828,3.0083766432653647e-05,0.45703125
3650,430.705,0,gram_vicreg_sphere_gamma,,,,,,,,,,,,,,,,,,0.4189703166484833,0.015535744838416576,0.0012218097690492868,3.1460558602702804e-05,0.40234375
3650,430.987,0,gram_vicreg_sphere_gamma,0.020577698639341543,0.0,0.015644967555999756,123.07086944580078,162.48841857910156,123.09774780273438,361.71038818359375,0.4348958134651184,0.08819397538900375,0.08838834764831843,0.08847479104076175,512,0.0,0.53125,4.890701770782471,1.924935221672058,-3.921161651611328,,,,,
3675,434.065,0,gram_vicreg_sphere_gamma,,,,,,,,,,,,,,,,,,0.4195765554904938,0.015495233237743378,0.001286592974793166,3.088802259298973e-05,0.43359375
3700,436.66,0,gram_vicreg_sphere_gamma,,,,,,,,,,,,,,,,,,0.41524481773376465,0.01538248173892498,0.0012260857038199902,3.061585812247358e-05,0.4296875
3700,436.755,0,gram_vicreg_sphere_gamma,0.01982283401645909,0.0,0.01566494256258011,123.06417846679688,162.3833770751953,123.0902328491211,361.3075256347656,0.43590036034584045,0.08811968564987183,0.08838834764831843,0.08847479104076175,512,0.0,0.5546875,4.905158996582031,1.9155677556991577,-3.913815498352051,,,,,
3725,440.242,0,gram_vicreg_sphere_gamma,,,,,,,,,,,,,,,,,,0.4175449311733246,0.015461249276995659,0.0012393231154419482,3.0612514819949865e-05,0.4609375
3750,443.028,0,gram_vicreg_sphere_gamma,,,,,,,,,,,,,,,,,,0.42555657029151917,0.015623286366462708,0.0013977497001178563,3.069201375183184e-05,0.421875
3750,443.329,0,gram_vicreg_sphere_gamma,0.019075182742415334,0.0,0.015577045269310474,123.12651062011719,162.21644592285156,123.13426208496094,361.0247497558594,0.4342343211174011,0.08819181472063065,0.08838834764831843,0.08847479104076175,512,0.0,0.5390625,4.882077217102051,1.9201273918151855,-3.9208741188049316,,,,,
3775,445.639,0,gram_vicreg_sphere_gamma,,,,,,,,,,,,,,,,,,0.4191981554031372,0.015416759066283703,0.001349940022919327,3.068028672714718e-05,0.4140625
3800,448.486,0,gram_vicreg_sphere_gamma,,,,,,,,,,,,,,,,,,0.41663646697998047,0.01543617993593216,0.0012280445080250502,3.08789785776753e-05,0.4296875
3800,449.126,0,gram_vicreg_sphere_gamma,0.01833527473580038,0.0,0.01561209186911583,123.11589050292969,162.141357421875,123.13044738769531,360.81842041015625,0.43603068590164185,0.08819262683391571,0.08838834764831843,0.08847479104076175,512,0.0,0.5546875,4.904469013214111,1.920213222503662,-3.9205286502838135,,,,,
3825,451.684,0,gram_vicreg_sphere_gamma,,,,,,,,,,,,,,,,,,0.42130571603775024,0.015467356890439987,0.0013836526195518672,3.0484251510642935e-05,0.44140625
3850,454.501,0,gram_vicreg_sphere_gamma,,,,,,,,,,,,,,,,,,0.42227882146835327,0.015538180246949196,0.0013517470797523856,3.065535020141397e-05,0.46484375
3850,454.88,0,gram_vicreg_sphere_gamma,0.01760363442694866,0.0,0.015678245574235916,123.09000396728516,162.36944580078125,123.10643768310547,360.626953125,0.43547549843788147,0.08817926794290543,0.08838834764831843,0.08847479104076175,512,0.0,0.5546875,4.898739337921143,1.9212316274642944,-3.919344425201416,,,,,
3875,457.259,0,gram_vicreg_sphere_gamma,,,,,,,,,,,,,,,,,,0.42327430844306946,0.015564974397420883,0.0013647486921399832,3.1237766961567104e-05,0.42578125
3900,459.705,0,gram_vicreg_sphere_gamma,,,,,,,,,,,,,,,,,,0.4194618761539459,0.015490365214645863,0.0012869006022810936,3.0238717954489402e-05,0.45703125
3900,459.798,0,gram_vicreg_sphere_gamma,0.016880780386234338,0.0,0.015648819506168365,123.17044067382812,162.1389617919922,123.19828033447266,360.8855285644531,0.4344581663608551,0.08819897472858429,0.08838834764831843,0.08847479104076175,512,0.0,0.578125,4.887208938598633,1.921743631362915,-3.9212231636047363,,,,,
3925,463.365,0,gram_vicreg_sphere_gamma,,,,,,,,,,,,,,,,,,0.4208836257457733,0.015565278008580208,0.0012688258429989219,3.1007835787022486e-05,0.45703125
3950,466.528,0,gram_vicreg_sphere_gamma,,,,,,,,,,,,,,,,,,0.42146748304367065,0.015483591705560684,0.0013738884590566158,3.046593610633863e-05,0.4140625
3950,466.808,0,gram_vicreg_sphere_gamma,0.016167224956520218,0.0,0.015601517632603645,123.20056915283203,162.4281463623047,123.19451904296875,360.7662658691406,0.43578827381134033,0.08825425058603287,0.08838834764831843,0.08847479104076175,512,0.0,0.5234375,4.897437572479248,1.9220818281173706,-3.9267594814300537,,,,,
3975,469.043,0,gram_vicreg_sphere_gamma,,,,,,,,,,,,,,,,,,0.42024892568588257,0.015519026666879654,0.001289713429287076,3.0424400392803364e-05,0.44921875
4000,471.96,0,gram_vicreg_sphere_gamma,,,,,,,,,,,,,,,,,,0.4171772003173828,0.01539147924631834,0.001294389774557203,3.0464474548352882e-05,0.45703125
4000,472.517,0,gram_vicreg_sphere_gamma,0.015463473890020497,0.0,0.015567993745207787,123.23471069335938,162.2463836669922,123.22953796386719,360.63385009765625,0.43500322103500366,0.08828340470790863,0.08838834764831843,0.08847479104076175,512,0.0,0.5390625,4.886622905731201,1.9198037385940552,-3.9290053844451904,,,,,
4025,474.797,0,gram_vicreg_sphere_gamma,,,,,,,,,,,,,,,,,,0.40917882323265076,0.015129638835787773,0.0012363057467155159,3.020535223186016e-05,0.453125
4050,478.12,0,gram_vicreg_sphere_gamma,,,,,,,,,,,,,,,,,,0.4106464385986328,0.01527360174804926,0.0011510346666909754,3.0519011488649994e-05,0.43359375
4050,478.389,0,gram_vicreg_sphere_gamma,0.014770025989834809,0.0,0.01556083932518959,123.1721420288086,162.28538513183594,123.16885375976562,360.6080627441406,0.43402552604675293,0.08824846148490906,0.08838834764831843,0.08847479104076175,512,0.0,0.515625,4.876595497131348,1.9197663068771362,-3.925551414489746,,,,,
4075,480.758,0,gram_vicreg_sphere_gamma,,,,,,,,,,,,,,,,,,0.41503044962882996,0.015370145440101624,0.0012298495275899768,3.057842332054861e-05,0.421875
4100,483.875,0,gram_vicreg_sphere_gamma,,,,,,,,,,,,,,,,,,0.4150466024875641,0.015468304976820946,0.0011323308572173119,3.0701718060299754e-05,0.4453125
4100,484.38,0,gram_vicreg_sphere_gamma,0.014087372756407727,0.0,0.015558158978819847,123.17031860351562,162.19000244140625,123.17819213867188,360.5948181152344,0.4327913522720337,0.08823507279157639,0.08838834764831843,0.08847479104076175,512,0.0,0.5390625,4.8629231452941895,1.9205394983291626,-3.924837112426758,,,,,
4125,486.825,0,gram_vicreg_sphere_gamma,,,,,,,,,,,,,,,,,,0.4134724736213684,0.01518521923571825,0.0013524711830541492,3.0223426620068494e-05,0.421875
4150,490.337,0,gram_vicreg_sphere_gamma,,,,,,,,,,,,,,,,,,0.4135950207710266,0.015198870562016964,0.0013437364250421524,2.982212299684761e-05,0.4140625
4150,490.436,0,gram_vicreg_sphere_gamma,0.013415998039164207,0.0,0.01559439953416586,123.17266845703125,162.5269317626953,123.1904067993164,360.4000549316406,0.4350760877132416,0.08822540193796158,0.08838834764831843,0.08847479104076175,512,0.0,0.5078125,4.890136241912842,1.9216609001159668,-3.9234495162963867,,,,,
4175,493.09,0,gram_vicreg_sphere_gamma,,,,,,,,,,,,,,,,,,0.41669750213623047,0.015411337837576866,0.0012553505366668105,3.028467472176999e-05,0.43359375
4200,495.288,0,gram_vicreg_sphere_gamma,,,,,,,,,,,,,,,,,,0.4140169322490692,0.01539833564311266,0.0011611205991357565,3.054160606552614e-05,0.421875
4200,496.326,0,gram_vicreg_sphere_gamma,0.012756377693567795,0.0,0.015608069486916065,123.17807006835938,162.16741943359375,123.18171691894531,360.4285888671875,0.4337873160839081,0.0882687047123909,0.08838834764831843,0.08847479104076175,512,0.0,0.515625,4.873958587646484,1.9207642078399658,-3.92752742767334,,,,,
4225,498.258,0,gram_vicreg_sphere_gamma,,,,,,,,,,,,,,,,,,0.4163006544113159,0.015487547032535076,0.0011632563546299934,3.0572300602216274e-05,0.42578125
4250,501.049,0,gram_vicreg_sphere_gamma,,,,,,,,,,,,,,,,,,0.41973984241485596,0.01541417371481657,0.0013742000446654856,3.048939925065497e-05,0.40625
4250,501.796,0,gram_vicreg_sphere_gamma,0.012108979243844954,0.0,0.015594767406582832,123.1841812133789,162.4887237548828,123.1939926147461,360.37701416015625,0.4353102743625641,0.08825529366731644,0.08838834764831843,0.08847479104076175,512,0.0,0.53125,4.891880989074707,1.9204483032226562,-3.9265098571777344,,,,,
4275,503.818,0,gram_vicreg_sphere_gamma,,,,,,,,,,,,,,,,,,0.4160284996032715,0.01526186615228653,0.001378075743559748,2.9966306101414375e-05,0.4453125
4300,507.67,0,gram_vicreg_sphere_gamma,,,,,,,,,,,,,,,,,,0.4128018021583557,0.015306792221963406,0.0012040723813697696,3.0184525712684263e-05,0.42578125
4300,507.811,0,gram_vicreg_sphere_gamma,0.011474261551614245,0.0,0.015571893192827702,123.17190551757812,162.63157653808594,123.16785430908203,360.34832763671875,0.4353806972503662,0.08828684687614441,0.08838834764831843,0.08847479104076175,512,0.0,0.4921875,4.890462875366211,1.919480562210083,-3.9289662837982178,,,,,
4325,510.758,0,gram_vicreg_sphere_gamma,,,,,,,,,,,,,,,,,,0.4082525968551636,0.015135206282138824,0.001193718402646482,2.9489780899893958e-05,0.40625
4350,513.386,0,gram_vicreg_sphere_gamma,,,,,,,,,,,,,,,,,,0.4060218930244446,0.015202192589640617,0.0010374746634624898,3.0222707209759392e-05,0.39453125
4350,513.584,0,gram_vicreg_sphere_gamma,0.010852674490655405,0.0,0.015593428164720535,123.17625427246094,162.28089904785156,123.17742919921875,360.3058776855469,0.432975709438324,0.08827409893274307,0.08838834764831843,0.08847479104076175,512,0.0,0.5234375,4.8640241622924805,1.9179649353027344,-3.928009033203125,,,,,
4375,515.953,0,gram_vicreg_sphere_gamma,,,,,,,,,,,,,,,,,,0.42156681418418884,0.015496699139475822,0.001364782510790974,2.9783226636936888e-05,0.4453125
4400,518.839,0,gram_vicreg_sphere_gamma,,,,,,,,,,,,,,,,,,0.41702547669410706,0.015409363433718681,0.0012704565306194127,2.997697447426617e-05,0.390625
4400,519.56,0,gram_vicreg_sphere_gamma,0.010244658628048844,0.0,0.015550967305898666,123.17725372314453,162.34234619140625,123.17960357666016,360.1904602050781,0.4322003424167633,0.08826650679111481,0.08838834764831843,0.08847479104076175,512,0.0,0.5078125,4.854163646697998,1.9158132076263428,-3.9269282817840576,,,,,
4425,521.82,0,gram_vicreg_sphere_gamma,,,,,,,,,,,,,,,,,,0.4189622402191162,0.015476619824767113,0.0012806426384486258,3.065646978939185e-05,0.45703125
4450,524.848,0,gram_vicreg_sphere_gamma,,,,,,,,,,,,,,,,,,0.41368988156318665,0.015316586941480637,0.0012298028450459242,3.0146895369398408e-05,0.39453125
4450,524.96,0,gram_vicreg_sphere_gamma,0.009650644911911517,0.0,0.015579825267195702,123.1478271484375,162.47198486328125,123.15340423583984,359.931884765625,0.43358907103538513,0.08831307291984558,0.08838834764831843,0.08847479104076175,512,0.0,0.5234375,4.866684913635254,1.9178885221481323,-3.930887222290039,,,,,
4475,527.152,0,gram_vicreg_sphere_gamma,,,,,,,,,,,,,,,,,,0.41675999760627747,0.015461098402738571,0.0012080871383659542,3.035883310076315e-05,0.41796875
4500,530.609,0,gram_vicreg_sphere_gamma,,,,,,,,,,,,,,,,,,0.4153851866722107,0.015390707179903984,0.001223479863256216,3.049866973015014e-05,0.4375
4500,530.979,0,gram_vicreg_sphere_gamma,0.009071054365950461,0.0,0.015552596189081669,123.1811294555664,162.50987243652344,123.18289184570312,359.76544189453125,0.43387457728385925,0.0882902592420578,0.08838834764831843,0.08847479104076175,512,0.0,0.515625,4.872093200683594,1.9181913137435913,-3.929265022277832,,,,,
4525,533.769,0,gram_vicreg_sphere_gamma,,,,,,,,,,,,,,,,,,0.41906166076660156,0.015479449182748795,0.0012818124960176647,3.0123151191219222e-05,0.44140625
4550,536.576,0,gram_vicreg_sphere_gamma,,,,,,,,,,,,,,,,,,0.4123893976211548,0.015276497229933739,0.0012179084005765617,2.923292686318746e-05,0.43359375
4550,537.043,0,gram_vicreg_sphere_gamma,0.008506297791050544,0.0,0.01559822354465723,123.16532897949219,162.316650390625,123.16890716552734,359.74261474609375,0.4329284429550171,0.08830267935991287,0.08838834764831843,0.08847479104076175,512,0.0,0.5234375,4.861817359924316,1.9210107326507568,-3.930330753326416,,,,,
4575,539.247,0,gram_vicreg_sphere_gamma,,,,,,,,,,,,,,,,,,0.41222748160362244,0.015287469141185284,0.0012004156596958637,3.0335971132444683e-05,0.43359375
4600,542.38,0,gram_vicreg_sphere_gamma,,,,,,,,,,,,,,,,,,0.4148652255535126,0.015228712931275368,0.0013647101004607975,2.9651668228325434e-05,0.4453125
4600,542.986,0,gram_vicreg_sphere_gamma,0.007956775474107988,0.0,0.01556465681642294,123.18159484863281,162.6949462890625,123.18048095703125,359.96380615234375,0.43382692337036133,0.0882863700389862,0.08838834764831843,0.08847479104076175,512,0.0,0.5234375,4.872096061706543,1.9233328104019165,-3.928758144378662,,,,,
4625,545.007,0,gram_vicreg_sphere_gamma,,,,,,,,,,,,,,,,,,0.41071632504463196,0.015158774331212044,0.001268679043278098,2.9982727937749587e-05,0.4453125
4650,548.283,0,gram_vicreg_sphere_gamma,,,,,,,,,,,,,,,,,,0.41978368163108826,0.01541122142225504,0.0013788998476229608,3.0644047910755035e-05,0.44140625
4650,548.393,0,gram_vicreg_sphere_gamma,0.007422876904315845,0.0,0.015542230568826199,123.23747253417969,162.53126525878906,123.23641204833984,359.9315490722656,0.4302675724029541,0.08830517530441284,0.08838834764831843,0.08847479104076175,512,0.0,0.546875,4.831626892089844,1.9238314628601074,-3.930480480194092,,,,,
4675,550.932,0,gram_vicreg_sphere_gamma,,,,,,,,,,,,,,,,,,0.41503244638442993,0.015354901552200317,0.001245170715264976,3.062907762796385e-05,0.4375
4700,554.425,0,gram_vicreg_sphere_gamma,,,,,,,,,,,,,,,,,,0.40871044993400574,0.015208038501441479,0.001139188650995493,2.979015334858559e-05,0.45703125
4700,554.763,0,gram_vicreg_sphere_gamma,0.006904980497102808,0.0,0.015561338514089584,123.21114349365234,162.81439208984375,123.20685577392578,360.0788269042969,0.43281012773513794,0.0883050188422203,0.08838834764831843,0.08847479104076175,512,0.0,0.53125,4.8601484298706055,1.9249746799468994,-3.9312376976013184,,,,,
4725,556.701,0,gram_vicreg_sphere_gamma,,,,,,,,,,,,,,,,,,0.4053950309753418,0.015047305263578892,0.0011673133121803403,2.9558355890912935e-05,0.4296875
4750,559.925,0,gram_vicreg_sphere_gamma,,,,,,,,,,,,,,,,,,0.4101414084434509,0.015133578330278397,0.001270871376618743,3.016140453837579e-05,0.421875
4750,560.878,0,gram_vicreg_sphere_gamma,0.006403453325920726,0.0,0.015580723062157631,123.2281265258789,162.87030029296875,123.22577667236328,360.0321350097656,0.43172553181648254,0.08830107748508453,0.08838834764831843,0.08847479104076175,512,0.0,0.53125,4.848616123199463,1.9257941246032715,-3.9308295249938965,,,,,
4775,562.819,0,gram_vicreg_sphere_gamma,,,,,,,,,,,,,,,,,,0.4112740457057953,0.01521315611898899,0.0012366052251309156,3.0024169973330572e-05,0.41796875
4800,565.876,0,gram_vicreg_sphere_gamma,,,,,,,,,,,,,,,,,,0.42052197456359863,0.015573879703879356,0.001245774095878005,3.063918757106876e-05,0.42578125
4800,566.405,0,gram_vicreg_sphere_gamma,0.005918650862071096,0.0,0.01555546559393406,123.21038055419922,162.8517303466797,123.19710540771484,359.8759460449219,0.43344637751579285,0.0883222296833992,0.08838834764831843,0.08847479104076175,512,0.0,0.5234375,4.865453243255615,1.9245810508728027,-3.9327149391174316,,,,,
4825,568.34,0,gram_vicreg_sphere_gamma,,,,,,,,,,,,,,,,,,0.40912696719169617,0.015118676237761974,0.0012452022638171911,2.9997648198332172e-05,0.42578125
4850,571.446,0,gram_vicreg_sphere_gamma,,,,,,,,,,,,,,,,,,0.4079913794994354,0.015127722173929214,0.001190718961879611,3.0361072276718915e-05,0.46484375
4850,572.099,0,gram_vicreg_sphere_gamma,0.005450916722754929,0.0,0.015557083301246166,123.222900390625,162.5208740234375,123.22048950195312,359.8363037109375,0.4298199713230133,0.08830772340297699,0.08838834764831843,0.08847479104076175,512,0.0,0.5234375,4.826950550079346,1.9252809286117554,-3.9312922954559326,,,,,
4875,574.118,0,gram_vicreg_sphere_gamma,,,,,,,,,,,,,,,,,,0.4152257442474365,0.015344091691076756,0.0012637255131267011,3.0326158594107255e-05,0.44140625
4900,577.778,0,gram_vicreg_sphere_gamma,,,,,,,,,,,,,,,,,,0.41163304448127747,0.015247912146151066,0.001216207630932331,3.0032093491172418e-05,0.4296875
4900,578.524,0,gram_vicreg_sphere_gamma,0.005000582427524548,0.0,0.015567776747047901,123.20333099365234,162.6942596435547,123.19921875,359.7630310058594,0.4295337200164795,0.0883130133152008,0.08838834764831843,0.08847479104076175,512,0.0,0.5,4.823781490325928,1.9243760108947754,-3.930983543395996,,,,,
4925,580.596,0,gram_vicreg_sphere_gamma,,,,,,,,,,,,,,,,,,0.4074777066707611,0.01503872312605381,0.0012591833947226405,3.0047805921640247e-05,0.42578125
4950,583.23,0,gram_vicreg_sphere_gamma,,,,,,,,,,,,,,,,,,0.41331717371940613,0.015247550792992115,0.0012839211849495769,3.036349153262563e-05,0.44921875
4950,583.719,0,gram_vicreg_sphere_gamma,0.004567967163309873,0.0,0.015589360147714615,123.18794250488281,162.4989471435547,123.18788146972656,359.7712707519531,0.43018293380737305,0.0883156955242157,0.08838834764831843,0.08847479104076175,512,0.0,0.4921875,4.831220626831055,1.9236128330230713,-3.9311602115631104,,,,,
4975,586.4,0,gram_vicreg_sphere_gamma,,,,,,,,,,,,,,,,,,0.4181691110134125,0.0154502484947443,0.0012752966722473502,3.0474200684693642e-05,0.4453125
5000,588.831,0,gram_vicreg_sphere_gamma,,,,,,,,,,,,,,,,,,0.4119971990585327,0.015132738277316093,0.0013459724141284823,2.9435878786898684e-05,0.4375
5000,590.066,0,gram_vicreg_sphere_gamma,0.004153377558185814,0.0,0.015568379312753677,123.21842956542969,162.578857421875,123.21220397949219,359.751708984375,0.43138524889945984,0.08831938356161118,0.08838834764831843,0.08847479104076175,512,0.0,0.5,4.844390869140625,1.9240918159484863,-3.9315543174743652,,,,,
5025,592.018,0,gram_vicreg_sphere_gamma,,,,,,,,,,,,,,,,,,0.4098761975765228,0.01522506307810545,0.0011687936494126916,2.9754328352282755e-05,0.44140625
5050,595.092,0,gram_vicreg_sphere_gamma,,,,,,,,,,,,,,,,,,0.41242867708206177,0.015237659215927124,0.001258290430996567,2.994450642290758e-05,0.421875
5050,595.741,0,gram_vicreg_sphere_gamma,0.0037571074640411614,0.0,0.015533298254013062,123.21355438232422,162.32904052734375,123.21014404296875,359.6321716308594,0.4315697252750397,0.08831915259361267,0.08838834764831843,0.08847479104076175,512,0.0,0.5390625,4.846701145172119,1.9217729568481445,-3.931516408920288,,,,,
5075,598.693,0,gram_vicreg_sphere_gamma,,,,,,,,,,,,,,,,,,0.4122421443462372,0.015222654677927494,0.0012658077175728977,3.0595303542213514e-05,0.44140625
5100,601.818,0,gram_vicreg_sphere_gamma,,,,,,,,,,,,,,,,,,0.41301387548446655,0.015359300188720226,0.0011600226862356067,3.0812920158496127e-05,0.4453125
5100,602.21,0,gram_vicreg_sphere_gamma,0.003379437748302857,0.0,0.015518269501626492,123.24187469482422,162.687744140625,123.23423767089844,359.7416076660156,0.4310411214828491,0.08832553029060364,0.08838834764831843,0.08847479104076175,512,0.0,0.484375,4.840847492218018,1.9225878715515137,-3.9322752952575684,,,,,
5125,604.479,0,gram_vicreg_sphere_gamma,,,,,,,,,,,,,,,,,,0.415877103805542,0.015452288091182709,0.001181578147225082,3.0440554837696254e-05,0.43359375
5150,607.555,0,gram_vicreg_sphere_gamma,,,,,,,,,,,,,,,,,,0.40967318415641785,0.015090975910425186,0.0012947780778631568,2.9332379199331626e-05,0.4296875
5150,607.754,0,gram_vicreg_sphere_gamma,0.003020636094863426,0.0,0.015539798885583878,123.2317123413086,162.55117797851562,123.22718811035156,359.68670654296875,0.4308095872402191,0.08832288533449173,0.08838834764831843,0.08847479104076175,512,0.0,0.5078125,4.838283538818359,1.9236786365509033,-3.9318408966064453,,,,,
5175,610.246,0,gram_vicreg_sphere_gamma,,,,,,,,,,,,,,,,,,0.41219934821128845,0.015200001187622547,0.0012867801124230027,2.982085607072804e-05,0.41796875
5200,612.862,0,gram_vicreg_sphere_gamma,,,,,,,,,,,,,,,,,,0.4093880355358124,0.015186473727226257,0.0011878437944687903,3.007447321579093e-05,0.4140625
5200,613.45,0,gram_vicreg_sphere_gamma,0.002680956814352603,0.0,0.015538156032562256,123.20779418945312,162.39700317382812,123.2018051147461,359.5762634277344,0.4305420517921448,0.0883312076330185,0.08838834764831843,0.08847479104076175,512,0.0,0.515625,4.834771156311035,1.9225037097930908,-3.9324779510498047,,,,,
5225,615.582,0,gram_vicreg_sphere_gamma,,,,,,,,,,,,,,,,,,0.40694254636764526,0.015182562172412872,0.0010939401108771563,3.000894321303349e-05,0.421875
5250,618.58,0,gram_vicreg_sphere_gamma,,,,,,,,,,,,,,,,,,0.411539763212204,0.015190809965133667,0.0012695874902419746,2.9829739105480257e-05,0.453125
5250,619.146,0,gram_vicreg_sphere_gamma,0.002360640663887611,0.0,0.015542111359536648,123.2117919921875,162.64810180664062,123.20356750488281,359.5923767089844,0.4316937029361725,0.08831940591335297,0.08838834764831843,0.08847479104076175,512,0.0,0.515625,4.847980976104736,1.92230224609375,-3.9314444065093994,,,,,
5275,621.869,0,gram_vicreg_sphere_gamma,,,,,,,,,,,,,,,,,,0.4099830389022827,0.01524529978632927,0.0011528247850947082,2.9947575967526063e-05,0.41015625
5300,624.711,0,gram_vicreg_sphere_gamma,,,,,,,,,,,,,,,,,,0.4179399013519287,0.015413756482303143,0.0013026496744714677,2.975740426336415e-05,0.4296875
5300,625.097,0,gram_vicreg_sphere_gamma,0.002059914676429847,0.0,0.015512578189373016,123.23400115966797,162.4385223388672,123.2259521484375,359.68206787109375,0.42967489361763,0.08832749724388123,0.08838834764831843,0.08847479104076175,512,0.0,0.4921875,4.8255462646484375,1.9227643013000488,-3.9321072101593018,,,,,
5325,627.733,0,gram_vicreg_sphere_gamma,,,,,,,,,,,,,,,,,,0.4080031216144562,0.015198316425085068,0.0011206139461137354,2.9850200007786043e-05,0.42578125
5350,630.33,0,gram_vicreg_sphere_gamma,,,,,,,,,,,,,,,,,,0.4120999276638031,0.01529344916343689,0.001189369533676654,2.946079348475905e-05,0.41015625
5350,630.652,0,gram_vicreg_sphere_gamma,0.0017789919998690029,0.0,0.015514482744038105,123.23899841308594,162.51467895507812,123.23341369628906,359.69390869140625,0.42852455377578735,0.08833004534244537,0.08838834764831843,0.08847479104076175,512,0.0,0.5,4.812741279602051,1.922554850578308,-3.932579517364502,,,,,
5375,633.192,0,gram_vicreg_sphere_gamma,,,,,,,,,,,,,,,,,,0.40335389971733093,0.015025892294943333,0.0011070980690419674,2.913360731326975e-05,0.41015625
5400,636.003,0,gram_vicreg_sphere_gamma,,,,,,,,,,,,,,,,,,0.40749457478523254,0.015141444280743599,0.0011571478680707514,2.9779716896882746e-05,0.43359375
5400,636.547,0,gram_vicreg_sphere_gamma,0.0015180717459485616,0.0,0.0155028672888875,123.23271179199219,162.60040283203125,123.23388671875,359.6424560546875,0.4300059676170349,0.08833125233650208,0.08838834764831843,0.08847479104076175,512,0.0,0.53125,4.82912540435791,1.9227652549743652,-3.932687282562256,,,,,
5425,638.769,0,gram_vicreg_sphere_gamma,,,,,,,,,,,,,,,,,,0.40859782695770264,0.01521679013967514,0.0011259177117608488,3.010872933373321e-05,0.421875
5450,641.326,0,gram_vicreg_sphere_gamma,,,,,,,,,,,,,,,,,,0.4113084077835083,0.015187764540314674,0.001263385231141001,2.9660116524610203e-05,0.4453125
5450,641.525,0,gram_vicreg_sphere_gamma,0.0012773388491398362,0.0,0.015498814173042774,123.26667785644531,162.5666046142578,123.26197814941406,359.681396484375,0.4300132393836975,0.08833549171686172,0.08838834764831843,0.08847479104076175,512,0.0,0.53125,4.8290557861328125,1.9234411716461182,-3.9329864978790283,,,,,
5475,644.936,0,gram_vicreg_sphere_gamma,,,,,,,,,,,,,,,,,,0.4125593304634094,0.01515874918550253,0.0013424395583570004,2.963279348477954e-05,0.4296875
5500,647.93,0,gram_vicreg_sphere_gamma,,,,,,,,,,,,,,,,,,0.40483358502388,0.014911370351910591,0.0012807853636331856,2.9704633561777882e-05,0.48828125
5500,648.249,0,gram_vicreg_sphere_gamma,0.001056963935564522,0.0,0.015504415147006512,123.26538848876953,162.18528747558594,123.26280212402344,359.62652587890625,0.42821893095970154,0.08832874894142151,0.08838834764831843,0.08847479104076175,512,0.0,0.5234375,4.809786319732666,1.9235517978668213,-3.9325249195098877,,,,,
5525,650.416,0,gram_vicreg_sphere_gamma,,,,,,,,,,,,,,,,,,0.4065813422203064,0.015131658874452114,0.0011304060462862253,2.973788014060119e-05,0.44921875
5550,653.393,0,gram_vicreg_sphere_gamma,,,,,,,,,,,,,,,,,,0.4055117070674896,0.015109610743820667,0.0011096760863438249,2.953511921077734e-05,0.41796875
5550,653.85,0,gram_vicreg_sphere_gamma,0.0008571032020587043,0.0,0.015502169728279114,123.25363159179688,162.5674591064453,123.24798583984375,359.64776611328125,0.431694895029068,0.08832107484340668,0.08838834764831843,0.08847479104076175,512,0.0,0.5078125,4.848724365234375,1.9228923320770264,-3.9318642616271973,,,,,
5575,656.235,0,gram_vicreg_sphere_gamma,,,,,,,,,,,,,,,,,,0.4126953184604645,0.015363691374659538,0.001142944733146578,2.943426625279244e-05,0.44140625
5600,659.358,0,gram_vicreg_sphere_gamma,,,,,,,,,,,,,,,,,,0.4083356261253357,0.015130626037716866,0.0012016138643957675,2.9645478207385167e-05,0.4296875
5600,660.096,0,gram_vicreg_sphere_gamma,0.0006778983054639997,0.0,0.015504966489970684,123.27302551269531,162.53668212890625,123.26573944091797,359.6738586425781,0.43082118034362793,0.08832399547100067,0.08838834764831843,0.08847479104076175,512,0.0,0.515625,4.838829040527344,1.9225801229476929,-3.932103157043457,,,,,
5625,662.495,0,gram_vicreg_sphere_gamma,,,,,,,,,,,,,,,,,,0.4112279415130615,0.015207044780254364,0.0012408773181959987,2.9892625207139645e-05,0.40234375
5650,664.961,0,gram_vicreg_sphere_gamma,,,,,,,,,,,,,,,,,,0.40468329191207886,0.015027935616672039,0.0011582272127270699,2.9234485737106297e-05,0.40234375
5650,665.058,0,gram_vicreg_sphere_gamma,0.000519476262224371,0.0,0.015497846528887749,123.2744369506836,162.49879455566406,123.26902770996094,359.62017822265625,0.4297711253166199,0.08832071721553802,0.08838834764831843,0.08847479104076175,512,0.0,0.5,4.827089309692383,1.9231586456298828,-3.931898832321167,,,,,
5675,668.787,0,gram_vicreg_sphere_gamma,,,,,,,,,,,,,,,,,,0.4108613133430481,0.01513561699539423,0.0012976463185623288,2.9716788958467077e-05,0.4453125
5700,671.303,0,gram_vicreg_sphere_gamma,,,,,,,,,,,,,,,,,,0.41250962018966675,0.015235353261232376,0.0012638120679184794,3.0484641683869995e-05,0.44140625
5700,672.099,0,gram_vicreg_sphere_gamma,0.00038194935835966337,0.0,0.015508358366787434,123.24693298339844,162.78379821777344,123.24857330322266,359.6709289550781,0.4303809404373169,0.08832293748855591,0.08838834764831843,0.08847479104076175,512,0.0,0.53125,4.833400249481201,1.9234199523925781,-3.9320974349975586,,,,,
5725,674.232,0,gram_vicreg_sphere_gamma,,,,,,,,,,,,,,,,,,0.412564218044281,0.015251139178872108,0.0012502282042987645,3.0015847187314648e-05,0.44140625
5750,677.239,0,gram_vicreg_sphere_gamma,,,,,,,,,,,,,,,,,,0.41323885321617126,0.015370048582553864,0.0011583088198676705,2.9922732210252434e-05,0.46875
5750,677.469,0,gram_vicreg_sphere_gamma,0.00026541506987978747,0.0,0.01551070623099804,123.24839782714844,162.37014770507812,123.24263763427734,359.5238037109375,0.42852312326431274,0.0883333683013916,0.08838834764831843,0.08847479104076175,512,0.0,0.5078125,4.812192916870117,1.9213534593582153,-3.932774066925049,,,,,
5775,679.762,0,gram_vicreg_sphere_gamma,,,,,,,,,,,,,,,,,,0.4053438901901245,0.015063059516251087,0.001149472314864397,3.060630479012616e-05,0.46484375
5800,682.631,0,gram_vicreg_sphere_gamma,,,,,,,,,,,,,,,,,,0.40777745842933655,0.015070643275976181,0.0012392621138133109,2.980863155244151e-05,0.4921875
5800,683.364,0,gram_vicreg_sphere_gamma,0.0001699559936958872,0.0,0.015492867678403854,123.27519989013672,162.67066955566406,123.27102661132812,359.7172546386719,0.43024778366088867,0.08833562582731247,0.08838834764831843,0.08847479104076175,512,0.0,0.5078125,4.831907749176025,1.9228110313415527,-3.933187484741211,,,,,
5825,685.321,0,gram_vicreg_sphere_gamma,,,,,,,,,,,,,,,,,,0.40904486179351807,0.015178166329860687,0.0011824516113847494,2.941590537375305e-05,0.40234375
5850,688.251,0,gram_vicreg_sphere_gamma,,,,,,,,,,,,,,,,,,0.41417261958122253,0.015323828905820847,0.0012418903643265367,2.9652197554241866e-05,0.453125
5850,688.343,0,gram_vicreg_sphere_gamma,9.563978907749625e-05,0.0,0.015494916588068008,123.26432800292969,162.6420440673828,123.26256561279297,359.694091796875,0.4309501349925995,0.08832556754350662,0.08838834764831843,0.08847479104076175,512,0.0,0.53125,4.840033531188965,1.9229532480239868,-3.932405471801758,,,,,
5875,691.75,0,gram_vicreg_sphere_gamma,,,,,,,,,,,,,,,,,,0.40959954261779785,0.015200875699520111,0.0011818952043540776,3.026848571607843e-05,0.42578125
5900,694.608,0,gram_vicreg_sphere_gamma,,,,,,,,,,,,,,,,,,0.4118860065937042,0.015268400311470032,0.0012058119173161685,3.070661841775291e-05,0.41796875
5900,695.079,0,gram_vicreg_sphere_gamma,4.251912969714166e-05,0.0,0.01549636572599411,123.2760238647461,162.40127563476562,123.26708984375,359.5592956542969,0.4293220639228821,0.08833321183919907,0.08838834764831843,0.08847479104076175,512,0.0,0.53125,4.821119785308838,1.9232419729232788,-3.932980537414551,,,,,
5925,697.496,0,gram_vicreg_sphere_gamma,,,,,,,,,,,,,,,,,,0.41688141226768494,0.015406692400574684,0.0012673467863351107,3.0454790248768404e-05,0.43359375
5950,700.084,0,gram_vicreg_sphere_gamma,,,,,,,,,,,,,,,,,,0.410759836435318,0.01521080918610096,0.0012183637009002268,3.048998496524291e-05,0.421875
5950,700.684,0,gram_vicreg_sphere_gamma,1.0631666296421205e-05,0.0,0.015502048656344414,123.26708984375,162.53939819335938,123.25980377197266,359.6318359375,0.42867210507392883,0.08832454681396484,0.08838834764831843,0.08847479104076175,512,0.0,0.5234375,4.814352989196777,1.9230530261993408,-3.932178258895874,,,,,
5975,703.075,0,gram_vicreg_sphere_gamma,,,,,,,,,,,,,,,,,,0.408547580242157,0.015191971324384212,0.001148718933109194,3.0314817195176147e-05,0.4453125
6000,706.29,0,gram_vicreg_sphere_gamma,,,,,,,,,,,,,,,,,,0.4080043435096741,0.015144000761210918,0.0011749979457817972,2.9348814678087365e-05,0.421875
6000,706.793,0,gram_vicreg_sphere_gamma,,0.0,0.015496354550123215,123.26838684082031,162.6934814453125,123.26221466064453,359.6838073730469,0.43016940355300903,0.08833372592926025,0.08838834764831843,0.08847479104076175,512,0.0,0.5,4.83074426651001,1.9227861166000366,-3.9330532550811768,,,,,
